car_test_nm,addr_road,x,y,tel,tester,work_time,agency_cd,agency_nm,reg_dt
삼우자동차정비(합),대전광역시 대덕구 대화로101,36.36607482,127.4088055,042-627-5600,3,평일09:00-18:00+토요일09:00-13:00,6300000,대전광역시,2021-10-26
새한현대서비스㈜,대전광역시 대덕구 대전로1324,36.37210705,127.4208051,042-634-1122,4,평일09:00-18:00+토요일09:00-13:00,6300000,대전광역시,2021-10-26
신대덕자동차공업사,대전광역시 대덕구 한남로 138번길 12,36.34826809,127.4149508,042-623-7700,3,평일09:00-18:00+토요일09:00-13:00,6300000,대전광역시,2021-10-26
경오자동차㈜,경기도 오산시 오산로 123-23,37.13854672,127.0662778,031-372-8556,4,평일:09:00~18:00+토요일:09:00~13:00,4000000,경기도 오산시,2024-01-05
금성자동차공업사,경기도 오산시 내삼미로 9,37.16391675,127.0669802,031-376-8585,3,평일:09:00~18:00+토요일:09:00~13:00,4000000,경기도 오산시,2024-01-05
현대동탄서비스검사소,경기도 오산시 경기대로 631,37.17761168,127.0572085,031-376-7113,4,평일:09:00~18:00+토요일:09:00~13:00,4000000,경기도 오산시,2024-01-05
신명자동차공업사,경기도 오산시 경기대로 138-6,37.13679473,127.0738342,031-376-3319,4,평일:09:00~18:00+토요일:09:00~13:00,4000000,경기도 오산시,2024-01-05
마스터자동차공업사,경기도 오산시 경기동로 138-34,37.15727129,127.085787,031-373-9081,3,평일:09:00~18:00+토요일:09:00~13:00,4000000,경기도 오산시,2024-01-05
남부현대서비스,"경기도 오산시 가장로534번길 17, 105동",37.15858462,127.0395231,031-373-8572,2,평일:09:00~18:00+토요일:09:00~13:00,4000000,경기도 오산시,2024-01-05
TH모터스,경기도 오산시 청학로 108,37.15839969,127.0649448,031-378-4973,4,평일:09:00~18:00+토요일:09:00~13:00,4000000,경기도 오산시,2024-01-05
대명자동차공업사,경기도 오산시 두곡로 26,37.131733,127.047284,031-378-8552,2,평일:09:00~18:00+토요일:09:00~13:00,4000000,경기도 오산시,2024-01-05
제이원모터스,전북특별자치도 익산시 평동로 806,35.92563006,126.966778,063-842-4975,3,평일:09:00~18:00+토요일:09:00~13:00,4681000,전북특별자치도 익산시,2024-08-19
(유)원창자동차공업사,전북특별자치도 익산시 마한로 57,35.96484218,126.9700766,063-853-1600,3,평일:08:30~17:30+토요일:08:30~12:00,4681000,전북특별자치도 익산시,2024-08-19
하나로공업사,전북특별자치도 익산시 하나로 543-12,35.96944029,126.9784475,063-851-4488,3,평일:08:30~17:30+토요일:08:30~12:00,4681000,전북특별자치도 익산시,2024-08-19
(유)오케이모터스,전북특별자치도 익산시 목천로 16길 27,35.9263039688,126.9515126761,063-843-4949,3,평일:09:00~18:00+토요일:09:00~13:00,4681000,전북특별자치도 익산시,2024-08-19
태양자동차공업사,전북특별자치도 익산시 옛둑2길 83,35.91913891,126.9603827,063-842-1212,3,평일:09:00~18:00+토요일:09:00~13:00,4681000,전북특별자치도 익산시,2024-08-19
㈜영남중공업,서울특별시 금천구 시흥대로153길 26,37.47782878,126.8969244,02-855-9966,5,평일:08:30~17:30,3170000,서울특별시 금천구,2024-07-31
현대오토모터스,서울특별시 금천구 두산로 3,37.4708401,126.8882906,1588-8297,4,평일:09:00~18:00,3170000,서울특별시 금천구,2024-07-31
상신정비공업㈜,서울특별시 금천구 시흥대로 287,37.45891938,126.8980942,02-804-5559,4,평일:08:30~17:30,3170000,서울특별시 금천구,2024-07-31
파워카종합정비,광주광역시 서구 회재유통길 40,35.11282625,126.8503199594,062-385-0075,3,평일:09:00-18:00+토요일:09:00-12:00,3600000,광주광역시 서구,2024-06-19
현대서부서비스(주),광주광역시 서구 풍서좌로 247,35.12669173,126.8426072,062-675-6111,2,평일:09:00-18:00+토요일:09:00-12:00,3600000,광주광역시 서구,2024-06-19
상무1급자동차공업사,광주광역시 서구 상무누리로 131-1,35.15465571,126.8384776,062-371-3444,4,평일:09:00-18:00+토요일:09:00-13:00,3600000,광주광역시 서구,2024-06-19
청림종합정비(주),경상북도 포항시 남구 동해안로 6059-19,35.99380115,129.4034993,054-292-6900,,평일 09:00~18:00+토요일 09:00~12:00,5020000,경상북도 포항시,2024-06-17
영포자동차정비,경상북도 포항시 남구 연일읍 철강로107번길 46-10,35.99293163,129.357079,054-286-3383,,평일 09:00~18:00+토요일 09:00~12:00,5020000,경상북도 포항시,2024-06-17
금성자동차종합정비(포항),경상북도 포항시 남구 연일읍 철강로107번길 67,35.99507718,129.355217,054-286-6077,,평일 09:00~18:30+토요일 09:00~12:30,5020000,경상북도 포항시,2024-06-17
현대오토종합정비,경상북도 포항시 북구 아치로 189,36.05904768,129.3461386,054-242-1100,,평일 08:30~18:00+토요일 09:00~13:00,5020000,경상북도 포항시,2024-06-17
(주)신제일종합정비,경상북도 포항시 남구 정몽주로 842,35.99089312,129.4077027,054-292-5000,,평일 09:00~17:30+토요일 09:00~13:00,5020000,경상북도 포항시,2024-06-17
태극종합자동차정비,경상북도 포항시 북구 흥해읍 덕실마을길3번길 34,36.12255954,129.3413091,054-262-3600,,평일 09:00~18:00+토요일 09:00~12:00,5020000,경상북도 포항시,2024-06-17
(주)삼일이알씨,경상북도 포항시 남구 철강로 159,35.98868111,129.3589329,054-285-3030,,평일 09:00~18:00+토요일 09:00~12:00,5020000,경상북도 포항시,2024-06-17
원일종합정비,경상북도 포항시 북구 소티재로 140,36.06392381,129.3525847,054-243-5400,,평일 09:00~18:00+토요일 09:00~12:00,5020000,경상북도 포항시,2024-06-17
평화공업사,강원특별자치도 양구군 양구읍 박수근로 349,38.10256981,127.9819108,033-482-7272,3,(평일)09:00~18:00,4321000,강원특별자치도 양구군,2024-09-26
양구공업사,강원특별자치도 양구군 양구읍 중심로 9,38.09221044,127.9959482,033-481-1170,2,(평일)09:00~18:00,4321000,강원특별자치도 양구군,2024-09-26
서울자동차서비스,서울특별시 강남구 선릉로93길 46,37.504433,127.0449451,02-564-5151,,평일 08:30~18:00+토요일 09:00~13:00,3220000,서울특별시 강남구,2024-09-25
세원자동차공업사㈜,경기도 성남시 중원구 둔촌대로 458(상대원동),37.431511,127.167758,031-731-6911,1,09:00~18:00,3780000,경기도 성남시,2024-09-11
1급분당종합정비사업(주),경기도 성남시 분당구 동원북로 18(동원동),37.346236,127.099397,031-711-3334,4,09:00~18:00,3780000,경기도 성남시,2024-09-11
르노삼성 중원자동차,경기도 성남시 중원구 둔촌대로 156(하대원동),37.429144,127.136420,031-757-7656,4,09:00~18:00,3780000,경기도 성남시,2024-09-11
㈜월평정비검사장,대전광역시 서구 월드컵대로 484번길148-4,36.34407374,127.3539735,042-528-9501,3,평일09:00-18:00+토요일09:00-13:00,6300000,대전광역시,2021-10-26
㈜청모터스,대전광역시 서구 복수북로1,36.30762248,127.3707416,042-585-9119,3,평일09:00-18:00+토요일09:00-13:00,6300000,대전광역시,2021-10-26
㈜한스오토스,대전광역시 서구 혜천로36,36.305854,127.369912,042-584-3333,3,평일09:00-18:00+토요일09:00-13:00,6300000,대전광역시,2021-10-26
관저자동차공업사,대전광역시 유성구 계백로937,36.30158586,127.3270612,042-544-2222,3,평일09:00-18:00+토요일09:00-13:00,6300000,대전광역시,2021-10-26
㈜서대전공업사,대전광역시 유성구 계백로963,36.301954,127.3301133,042-545-7181,3,평일09:00-18:00+토요일09:00-13:00,6300000,대전광역시,2021-10-26
유화자동차공업사,대전광역시 유성구 계백로919,36.3010496,127.325429,042-545-2245,4,평일09:00-18:00+토요일09:00-13:00,6300000,대전광역시,2021-10-26
대성공업사,대전광역시 대덕구 대화로16,36.3684909,127.4179108,042-624-7771,3,평일09:00-18:00+토요일09:00-13:00,6300000,대전광역시,2021-10-26
삼성자동차공업㈜,대전광역시 대덕구 신일동로33번길85,36.44502852,127.4075284,042-936-7777,3,평일09:00-18:00+토요일09:00-13:00,6300000,대전광역시,2021-10-26
(주)동인천서비스,인천광역시 중구 인중로 43(신흥동 3가),37.46357122,126.6379177,032-884-4001,,평일:09:00~18:00+토요일:09:00~13:00,6280000,인천광역시,2023-05-31
(주)연안자동차,인천광역시 중구 축항대로86번길 66(항동 7가),37.45159276,126.6032514,032-887-2277,,평일:09:00~18:00+토요일:09:00~13:00,6280000,인천광역시,2023-05-31
드림자동차공업(주),인천광역시 중구 서해대로 106 (신흥동3가),37.43790906,126.6186115,032-888-8936,,평일:09:00~18:00+토요일:09:00~13:00,6280000,인천광역시,2023-05-31
공항자동차공업사,인천광역시 중구 백운로527번길 51(운북동),37.51242367,126.5042017,032-747-1471,,평일:09:00~18:00+토요일:09:00~13:00,6280000,인천광역시,2023-05-31
신흥현대자동차공업사,인천광역시 중구 축항대로290번길 134(신흥동),37.43749156,126.6202171,032-818-5555,,평일:09:00~18:00+토요일:09:00~13:00,6280000,인천광역시,2023-05-31
㈜에이원모터스,인천광역시 중구 공항동로465번길 105-12(운서동),37.47973379,126.4519723,032-741-6000,,평일:09:00~18:00+토요일:09:00~13:00,6280000,인천광역시,2023-05-31
은혜공업(주),인천광역시 중구 서해대로94번길 57-33 (신흥동3가),37.4365879,126.6240675,032-887-5670,,평일:09:00~18:00+토요일:09:00~13:00,6280000,인천광역시,2023-05-31
삼일자동차써비스(주),인천광역시 중구 축항대로290번길 120(신흥동3가),37.43890375,126.6205351,032-885-3106,,평일:09:00~18:00+토요일:09:00~13:00,6280000,인천광역시,2023-05-31
고속종합정비공장,경상북도 김천시 새까끔길 5,36.12724088,128.0731941,054-435-3399,1,08:30~18:00,5060000,경상북도 김천시,2024-08-20
김천현대종합정비,경상북도 김천시 공단2길 15,36.14082434,128.137104,054-430-8181,1,08:30~18:00,5060000,경상북도 김천시,2024-08-20
황악정비센타,경상북도 김천시 대항면 복전길 190,36.13446079,128.0334636,054-436-8811,1,08:30~17:30,5060000,경상북도 김천시,2024-08-20
스마일자동차종합,경상북도 김천시 영남대로 2097-6,36.11509138,128.157771,054-430-2225,1,08:30~17:30,5060000,경상북도 김천시,2024-08-20
태성종합정비,경상북도 김천시 영남대로 2137,36.1133484,128.1616948,054-433-4982,1,08:30~17:30,5060000,경상북도 김천시,2024-08-20
그린자동차종합정비,경상북도 김천시 영남대로 2078,36.115077,128.1550033,054-431-7200,1,08:30~18:00,5060000,경상북도 김천시,2024-08-20
삼성자동차종합정비,경상북도 김천시 백옥1길 5,36.124685,128.082138,054-437-8282,1,08:30~18:00,5060000,경상북도 김천시,2024-08-20
삼영자동차정비공장,경상북도 김천시 농공단지2길 12,36.13209554,128.1327771,054-430-2477,1,08:30~18:00,5060000,경상북도 김천시,2024-08-20
김천제일종합정비공장,경상북도 김천시 시청로 172,36.1431832,128.1193818,054-432-3500,1,08:30~18:00,5060000,경상북도 김천시,2024-08-20
서산현대자동차공업사,충청남도 서산시 고운로 6-7(예천동),36.77355161,126.4439601,041-665-2933,6,평일 09:00~18:00+토요일 09:00~12:00,4530000,충청남도 서산시,2022-07-25
서산현대서비스,충청남도 서산시 수석순환로 5(수석동),36.78147112,126.4973972,041-665-0611,4,평일 09:00~18:00+토요일 09:00~12:00,4530000,충청남도 서산시,2022-07-25
백마공업사,충청남도 서산시 지곡면 충의로 1585,36.90822802,126.4407145,041-663-3777,3,평일 09:00~18:00+토요일 09:00~12:00,4530000,충청남도 서산시,2022-07-25
제국모터스,충청남도 서산시 양열로 212(석남동),36.76188865,126.4535791,041-667-1171,2,평일 09:00~18:00+토요일 09:00~12:00,4530000,충청남도 서산시,2022-07-25
한국지엠서산서비스센터(주),충청남도 서산시 음암면 운암로 233,36.79160323,126.5053495,041-664-8255,3,"평일 09:00~18:00+토요일 09:00~13:00 (*2,4주 차 주말 휴무)",4530000,충청남도 서산시,2022-07-25
현대자동차정비공업사,충청남도 서산시 성연면 충의로 703,36.83184426,126.4422911,041-664-8622,4,평일 09:00~18:00+토요일 09:00~12:00,4530000,충청남도 서산시,2022-07-25
애향자동차정비공업,충청남도 서산시 음암면 중앙로 548,36.75200904,126.4996219,041-667-2345,2,평일 09:00~18:00+토요일 09:00~12:00,4530000,충청남도 서산시,2022-07-25
우대자동차공업사,충청남도 서산시 고북면 내포로 2435,36.69873874,126.5413179,041-688-7748,3,평일 09:00~18:00+토요일 09:00~12:00,4530000,충청남도 서산시,2022-07-25
글로벌모터스,충청남도 서산시 남부순환로 907,36.75822584,126.4502761,041-667-3311,3,평일 09:00~18:00+토요일 09:00~12:00,4530000,충청남도 서산시,2022-07-25
중앙자동차정비공업사,충청남도 서산시 대산읍 충의로 1645-4,36.91413925,126.4418316,041-681-4231,3,평일 09:00~18:00+토요일 09:00~12:00,4530000,충청남도 서산시,2022-07-25
종합자동차공업사,충청남도 서산시 서해로 3197,36.77102126,126.4357785,041-667-1241,2,평일 09:00~18:00+토요일 09:00~12:00,4530000,충청남도 서산시,2022-07-25
남부현대서비스,충청남도 서산시 남부순환로 20-8,36.75368012,126.4943513,041-668-1188,3,평일 09:00~18:00+토요일 09:00~12:00,4530000,충청남도 서산시,2022-07-25
거창자동차검사소,경상남도 거창군 거창읍 밤티재로1301 (거창읍),35.67152612,127.9306741,055-945-1444,,(평일)09:00~18:00+(토요일)09:00~13:00,B553881,한국교통안전공단,2024-01-26
경주자동차검사소,경상북도 경주시 산업로4391 (용강동),35.87194126,129.2238735,054-773-0448,,(평일)09:00~18:00+(토요일)09:00~13:00,B553881,한국교통안전공단,2024-01-26
고양자동차검사소,경기도 고양시 일산동구 성석로141 (성석동),37.68990973,126.7979117,031-977-3939,,(평일)09:00~18:00+(토요일)09:00~13:00,B553881,한국교통안전공단,2024-01-26
광주자동차검사소,광주광역시 남구 송암로96 (송하동),35.1136346,126.8750002,062-606-7650,,(평일)09:00~18:00+(토요일)09:00~13:00,B553881,한국교통안전공단,2024-01-26
구로자동차검사소,서울특별시 구로구 경인로113 (오류동),37.49284945,126.8333562,02-2037-6000,,(평일)09:00~18:00+(토요일)09:00~13:00,B553881,한국교통안전공단,2024-01-26
구미자동차검사소,경상북도 구미시 야은로722 (원평동),36.1247009,128.3582939,054-456-7514,,(평일)09:00~18:00+(토요일)09:00~13:00,B553881,한국교통안전공단,2024-01-26
군산자동차검사소,전북특별자치도 군산시 외항로292 (소룡동),35.96984844,126.6369344,063-467-3508,,(평일)09:00~18:00+(토요일)09:00~13:00,B553881,한국교통안전공단,2024-01-26
김해자동차검사소,경상남도 김해시 주촌면 골든루트로 65-6,35.21229328,128.8281836,055-333-5205,,(평일)09:00~18:00+(토요일)09:00~13:00,B553881,한국교통안전공단,2024-01-26
남양주자동차검사소,경기도 남양주시 진건읍 독정로273길 31-19,37.6769141,127.1962784,031-575-1472,,(평일)09:00~18:00+(토요일)09:00~13:00,B553881,한국교통안전공단,2024-01-26
남원자동차검사소,전북특별자치도 남원시 충정로 265-15 (월락동),35.42581768,127.3964368,063-625-2803,,(평일)09:00~18:00+(토요일)09:00~13:00,B553881,한국교통안전공단,2024-01-26
노원자동차검사소,서울특별시 노원구 공릉로62길 41 (하계동),37.6374723,127.071625,02-972-4121,,(평일)09:00~18:00+(토요일)09:00~13:00,B553881,한국교통안전공단,2024-01-26
달서자동차검사소,대구광역시 달서구 월배로5길 10 (유천동),35.81281691,128.5170497,053-587-8181,,(평일)09:00~18:00+(토요일)09:00~13:00,B553881,한국교통안전공단,2024-01-26
대전자동차검사소,대전광역시 서구 변동로 44(변동),36.32484117,127.3779096,042-523-5095,,(평일)09:00~18:00+(토요일)09:00~13:00,B553881,한국교통안전공단,2024-01-26
동탄자동차검사소,경기도 화성시 동탄기흥로 642-4 (영천동),37.217278,127.095392,031-378-8731,,(평일)09:00~18:00+(토요일)09:00~13:00,B553881,한국교통안전공단,2024-01-26
㈜동구자동차공업검사,대전광역시 동구 충무로203번길76,36.32502563,127.437007,042-283-3636,3,평일09:00-18:00+토요일09:00-13:00,6300000,대전광역시,2021-10-26
㈜동부자동차검사정비센터,대전광역시 동구 대종로15,36.29593969,127.4590035,042-272-1500,3,평일09:00-18:00+토요일09:00-13:00,6300000,대전광역시,2021-10-26
㈜으뜸자동차,대전광역시 동구 대전로261,36.291641,127.462285,042-282-1500,3,평일09:00-18:00+토요일09:00-13:00,6300000,대전광역시,2021-10-26
㈜태광모터스,대전광역시 동구 산내로1412-4,36.28870783,127.4648074,042-286-8770,3,평일09:00-18:00+토요일09:00-13:00,6300000,대전광역시,2021-10-26
㈜대창기업,대전광역시 중구 유등천동로324번길6,36.31136324,127.3880762,042-582-1701,4,평일09:00-18:00+토요일09:00-13:00,6300000,대전광역시,2021-10-26
㈜통운모터스,대전광역시 중구 유등천동로790,36.34751498,127.4054199,042-242-7770,3,평일09:00-18:00+토요일09:00-13:00,6300000,대전광역시,2021-10-26
충남공업㈜,대전광역시 중구 대종로326,36.3146822,127.4344643,042-255-3011,3,평일09:00-18:00+토요일09:00-13:00,6300000,대전광역시,2021-10-26
(합)유승기업,대전광역시 서구 계룡로510,36.34340913,127.3802282,042-523-0033,3,평일09:00-18:00+토요일09:00-13:00,6300000,대전광역시,2021-10-26
21세기모터스검사장,대전광역시 서구 대덕대로 67,36.339668,127.373205,042-527-0203,3,평일09:00-18:00+토요일09:00-13:00,6300000,대전광역시,2021-10-26
21세기안전검사소,대전광역시 서구 월드컵대로 484번길59,36.34722417,127.3540011,042-544-8770,4,평일09:00-18:00+토요일09:00-13:00,6300000,대전광역시,2021-10-26
대원자동차공업사,대전광역시 서구 도산로181번길21,36.32467621,127.3777138,042-523-9921,3,평일09:00-18:00+토요일09:00-13:00,6300000,대전광역시,2021-10-26
빛나는자동차공업㈜,대전광역시 서구 도산로365,36.33745834,127.3912175,042-523-9301,4,평일09:00-18:00+토요일09:00-13:00,6300000,대전광역시,2021-10-26
아크로모터스,대전광역시 유성구 한밭대로 17,36.36203256,127.305578,042-719-1233,3,평일09:00-18:00+토요일09:00-13:00,6300000,대전광역시,2021-10-26
이안현대모터스,대전광역시 동구 안골로 45,36.26859064,127.4719618,042-282-2506,3,평일09:00-18:00+토요일09:00-13:00,6300000,대전광역시,2021-10-26
용인종합정비,대전광역시 동구 옥천로 321,36.323093,127.471814,042-283-4502,3,평일09:00-18:00+토요일09:00-13:00,6300000,대전광역시,2021-10-26
모든모터스,대전광역시 서구 도산로 169,36.323686,127.3778995,042-484-5459,3,평일09:00-18:00+토요일09:00-13:00,6300000,대전광역시,2021-10-26
제일자동차종합정비,충청북도 영동군 영동읍 동정로 72-45,36.173175,127.7876509,043-744-0111,1,평일09:00~17:30+토요일 09:00~12:30,4440000,충청북도 영동군,2023-12-19
영동기아서비스,충청북도 영동군 영동읍 동정로 119,36.17175644,127.7937625,043-744-1072,1,평일09:00~17:20+토요일 09:00~12:00,4440000,충청북도 영동군,2023-12-19
영동 현대 서비스,충청북도 영동군 영동읍 기골로 190,36.18747086,127.790727,043-742-3333,1,평일08:30~17:30+토요일 08:30~12:00,4440000,충청북도 영동군,2023-12-19
(주)서천제일자동차공업사,경기도 용인시 기흥구 서그내로53번길 3-4 (서천동),37.24186776,127.0745228,031-273-9060,,09:00~18:00,4050000,경기도 용인시,2024-08-07
르노코리아서비스센터기흥정비(주),경기도 용인시 기흥구 신갈로 5-9 (상갈동),37.2679445,127.104739,031-286-8245,,09:00~18:00,4050000,경기도 용인시,2024-08-07
카신모터스,대전광역시 대덕구 아리랑로55번길7,36.37781545,127.411974,042-633-4004,4,평일09:00-18:00+토요일09:00-13:00,6300000,대전광역시,2021-10-26
신탄1급정비검사장,대전광역시 대덕구 신탄진로756번안길68-1,36.44329001,127.433499,042-932-7005,3,평일09:00-18:00+토요일09:00-13:00,6300000,대전광역시,2021-10-26
대한상용자동차,대전광역시 대덕구 신탄진로1,36.38351398,127.4243929,042-717-1346,3,평일09:00-18:00+토요일09:00-13:00,6300000,대전광역시,2021-10-26
안전자동차정비공업사,대전광역시 대덕구 대화로32번길223,36.37675982,127.410698,042-636-3530,2,평일09:00-18:00+토요일09:00-13:00,6300000,대전광역시,2021-10-26
㈜대전공업사,대전광역시 대덕구 벚꽃길86,36.431589,127.424182,042-932-9733,3,평일09:00-18:00+토요일09:00-13:00,6300000,대전광역시,2021-10-26
㈜대진자동차공업사,대전광역시 대덕구 신탄진로756번안길79,36.44436152,127.4331607,042-933-1282,3,평일09:00-18:00+토요일09:00-13:00,6300000,대전광역시,2021-10-26
㈜서울모터스,대전광역시 대덕구 갑천도시고속도로1079,36.39144012,127.4132362,042-639-4646,3,평일09:00-18:00+토요일09:00-13:00,6300000,대전광역시,2021-10-26
동아자동차기업㈜,대전광역시 대덕구 대화로50번길96,36.36884941,127.419463,042-626-1800,4,평일09:00-18:00+토요일09:00-13:00,6300000,대전광역시,2021-10-26
㈜대전공단모터스 기아오토큐,대전광역시 대덕구 신일동로 7,36.444431,127.4056988,042-935-0981,2,평일09:00-18:00+토요일09:00-13:00,6300000,대전광역시,2021-10-26
교통안전공단 대전검사소,대전광역시 서구 변동로44,36.32484117,127.377932,042-523-5095,9,평일09:00-18:00+토요일09:00-13:00,6300000,대전광역시,2021-10-26
교통안전공단 신탄진검사소,대전광역시 대덕구 대덕대로 1417번길31,36.44704811,127.4051163,042-931-8106,7,평일09:00-18:00+토요일09:00-13:00,6300000,대전광역시,2021-10-26
교통안전공단 유성검사소,대전광역시 서구 계룡로 232번길 123,36.346222,127.3550214,042-535-7147,5,평일09:00-18:00+토요일09:00-13:00,6300000,대전광역시,2021-10-26
남부자동차공업㈜,대전광역시 동구 옥천로273,36.31994416,127.4699639,042-285-5200,3,평일09:00-18:00+토요일09:00-13:00,6300000,대전광역시,2021-10-26
㈜고속모터스,대전광역시 동구 합내로73,36.349588,127.439805,042-627-4972,3,평일09:00-18:00+토요일09:00-13:00,6300000,대전광역시,2021-10-26
강남자동차검사소,서울특별시 강남구 헌릉로745길 13 (율현동),37.46850851,127.1186807,02-459-2844,,(평일)09:00~18:00+(토요일)09:00~13:00,B553881,한국교통안전공단,2024-01-26
강릉자동차검사소,강원특별자치도 강릉시 경강로 1952-10 (홍제동),37.74735582,128.8824207,033-646-5000,,(평일)09:00~18:00+(토요일)09:00~13:00,B553881,한국교통안전공단,2024-01-26
영해그린정비,경상북도 영덕군 영해면 영덕로 1759,36.53364166,129.404388,054-734-1993,,평일:08:30~17:30+토요일(격주):08:30~11:00,5180000,경상북도 영덕군,2024-08-14
화성종합정비,경상북도 영덕군 영덕읍 영덕로 299,36.420801,129.3744319,054-733-3366,,평일:08:30~17:00+토요일:09:00~11:30,5180000,경상북도 영덕군,2024-08-14
영덕종합정비,경상북도 영덕군 영덕읍 영덕로 293,36.42043516,129.3735761,054-732-7171,,평일:09:00~17:00+토요일:09:00~12:00,5180000,경상북도 영덕군,2024-08-14
용상종합정비,충청북도 단양군 단양읍 단양로 957,36.97745528,128.3448483,043-422-2222,3,평일 08:30~17:30,4480000,충청북도 단양군,2024-08-12
현대종합자동차정비공업사,경상남도 하동군 하동읍 섬진강대로 2334,35.0810584,127.7364667,055-882-6600,1,(평일)09:00~18:00,5440000,경상남도 하동군,2024-08-14
대광자동차1급정비,경상남도 하동군 진교면 새미골길 32-2,35.01989443,127.9008268,055-883-9173,1,(평일)08:30~17:30,5440000,경상남도 하동군,2024-08-14
(주)두일1급자동차종합비,경상남도 하동군 하동읍 화심길 126,35.08788718,127.7328544,055-882-2500,1,(평일)09:00~17:40,5440000,경상남도 하동군,2024-08-14
이화모터스,경상남도 하동군 적량면 황금길 3,35.07918233,127.7816176,055-882-0521,1,(평일)08:30~18:00,5440000,경상남도 하동군,2024-08-14
하동자동차정비,경상남도 하동군 적량면 대티길 66,35.0792218,127.7804019,055-884-2121,1,(평일)09:00~18:00,5440000,경상남도 하동군,2024-08-14
월드모터스,경상남도 하동군 금남면 산업로911-1,34.9888768,127.8023243,055-882-0456,1,(평일)09:00~18:00,5440000,경상남도 하동군,2024-08-14
신라종합정비,경상남도 하동군 고전면 재첩길 20,34.99741973,127.8026549,055-882-8289,1,(평일)08:30~17:30,5440000,경상남도 하동군,2024-08-14
부평서비스기아오토큐 합자회사,인천광역시 부평구 청중로 104 (청천동),37.51708022,126.7085084,032-528-3030,,평일:09:00~18:00+토요일:09:00~13:00,6280000,인천광역시,2023-05-31
만우자동차㈜,인천광역시 부평구 마장로426번길 25 (청천동),37.51659292,126.7057289,032-528-7040,,평일:09:00~18:00+토요일:09:00~13:00,6280000,인천광역시,2023-05-31
덕산자동차공업사,인천광역시 부평구 새벌로 71 (청천동),37.5234995,126.7160203,032-528-4111,,평일:09:00~18:00+토요일:09:00~13:00,6280000,인천광역시,2023-05-31
삼산자동차공업(주),인천광역시 부평구 평천로 372 (갈산동),37.51747629,126.7318953,032-523-0660,,평일:09:00~18:00+토요일:09:00~13:00,6280000,인천광역시,2023-05-31
정성자동차공업사,인천광역시 부평구 굴포로 8 (갈산동),37.51148052,126.7213976,032-529-4949,,평일:09:00~18:00+토요일:09:00~13:00,6280000,인천광역시,2023-05-31
만도자동차공업사,인천광역시 부평구 부평북로 116 (청천동),37.52218496,126.7056531,032-543-3349,,평일:09:00~18:00+토요일:09:00~13:00,6280000,인천광역시,2023-05-31
인영자동차공업사,인천광역시 부평구 열우물로 155 (십정동),37.47826314,126.6913858,032-439-9981,,평일:09:00~18:00+토요일:09:00~13:00,6280000,인천광역시,2023-05-31
(합)신영자동차서비스센터,인천광역시 부평구 평천로 7 (청천동),37.52216553,126.6937217,032-528-2324,,평일:09:00~18:00+토요일:09:00~13:00,6280000,인천광역시,2023-05-31
(주)아진모터스,인천광역시 계양구 아나지로 434 (작전동),37.52526136,126.7403933,032-546-2100,,평일:09:00~18:00+토요일:09:00~13:00,6280000,인천광역시,2023-05-31
(주)1급성우자동차검사소,인천광역시 계양구 아나지로437번길 1 (작전동),37.52574359,126.7406891,032-555-8811,,평일:09:00~18:00+토요일:09:00~13:00,6280000,인천광역시,2023-05-31
(주)광진자동차종합정비센타,경기도 양주시 광적면 광적로 444,37.85274009,126.9607398,031-871-8491,3,(평일)09:00~18:00,5590000,경기도 양주시,2024-05-16
(주)양주자동차정비공업사,경기도 양주시 평화로 1617(회정동),37.83364152,127.0533951,031-858-6065,3,(평일)09:00~18:00,5590000,경기도 양주시,2024-05-16
양주현대서비스,경기도 양주시 광적면 부흥로 931,37.81075111,126.9932681,031-836-1102,2,(평일)09:00~18:00,5590000,경기도 양주시,2024-05-16
(주)일광자동차서비스,경기도 양주시 장흥면 호국로123번길 12,37.71501868,126.9355663,031-855-0803,2,(평일)09:00~18:00,5590000,경기도 양주시,2024-05-16
엘테크자동차정비공업사㈜,경기도 양주시 백석읍 중앙로 306,37.79933633,126.9804931,031-824-9064,3,(평일)09:00~18:00,5590000,경기도 양주시,2024-05-16
1급세종자동차공업사,경기도 양주시 은현면 화합로 922,37.86195532,127.0249236,031-861-8988,2,(평일)09:00~18:00,5590000,경기도 양주시,2024-05-16
옥정현대서비스,경기도 양주시 율정로 257-14(율정동),37.81760731,127.1038475,031-857-5580,3,(평일)09:00~18:00,5590000,경기도 양주시,2024-05-16
동일자동차공업㈜,경기도 양주시 화합로1325번길 123-18(덕정동),37.8531523,127.0613449,031-859-4300,3,(평일)09:00~18:00,5590000,경기도 양주시,2024-05-16
(주)광적공업사,경기도 양주시 광적면 광적로 314,37.84215397,126.966844,031-855-3500,3,(평일)09:00~18:00,5590000,경기도 양주시,2024-05-16
㈜서연큐모터스,경기도 양주시 남면 감악산로20번길 212,37.87810747,126.9933515,031-857-1480,2,(평일)09:00~18:00,5590000,경기도 양주시,2024-05-16
강남자동차 정비검사소,경기도 양주시 광적면 광적로 167,37.83296266,126.9768727,031-846-1133,2,(평일)09:00~18:00,5590000,경기도 양주시,2024-05-16
아주자동차,인천광역시 계양구 아나지로 111(효성동),37.52576666,126.704084,032-504-7888,,평일:09:00~18:00+토요일:09:00~13:00,6280000,인천광역시,2023-05-31
남양자동차공업사,인천광역시 서구 가재울로 72 (가좌동),37.47825904,126.680788,032-575-2292,,평일:09:00~18:00+토요일:09:00~13:00,6280000,인천광역시,2023-05-31
1급마스타자동차공업사,인천광역시 서구 백범로 954 (가좌동),37.48959093,126.6538619,032-573-8300,,평일:09:00~18:00+토요일:09:00~13:00,6280000,인천광역시,2023-05-31
모던모터스,인천광역시 서구 염곡로 59 (가좌동),37.49036314,126.6637371,032-576-1566,,평일:09:00~18:00+토요일:09:00~13:00,6280000,인천광역시,2023-05-31
㈜뉴종합1급공업사,인천광역시 서구 봉수대로277번길 3 (석남동),37.50033388,126.6609532,032-579-0330,,평일:09:00~18:00+토요일:09:00~13:00,6280000,인천광역시,2023-05-31
대원자동차공업㈜,인천광역시 서구 칠천왕로 36 (석남동),37.50958348,126.6719344,032-575-7001,,평일:09:00~18:00+토요일:09:00~13:00,6280000,인천광역시,2023-05-31
길현대1급자동차공업사,인천광역시 서구 거북로 10 (석남동),37.50330004,126.6628316,032-572-7303,,평일:09:00~18:00+토요일:09:00~13:00,6280000,인천광역시,2023-05-31
광일자동차정비공업사,인천광역시 서구 원당대로507번길 3 (왕길동),37.59292542,126.6571747,032-563-2332,,평일:09:00~18:00+토요일:09:00~13:00,6280000,인천광역시,2023-05-31
㈜현대종합정비,인천광역시 서구 드림로 178 (백석동),37.58253895,126.6590242,032-567-6211,,평일:09:00~18:00+토요일:09:00~13:00,6280000,인천광역시,2023-05-31
주식회사 광양항정비,전라남도 광양시 중마로 15(도이동),34.92676975,127.6859472,061-795-6675,4,평일:08:50 ~ 17:30,4840000,전라남도 광양시,2024-06-03
(유)메디컬자동차공업사,전라남도 광양시 광양읍 주령길7,34.96508242,127.550555,061-723-2711,3,평일:09:00~18:00,4840000,전라남도 광양시,2024-06-03
태경특장,전라남도 광양시 광양읍 초남2공단2길 46,34.94362544,127.606405,061-762-5005,3,평일:09:00~18:00,4840000,전라남도 광양시,2024-06-03
주식회사 대원기업,전라남도 광양시 담안길 82(태인동),34.941149,127.750638,061-762-6004,3,평일:09:00~18:00,4840000,전라남도 광양시,2024-06-03
가야(주),전라남도 광양시 옥곡면 강변로 449,34.980765,127.711419,061-772-6448,3,평일:08:00~18:00,4840000,전라남도 광양시,2024-06-03
동안자동차공업사,전라남도 광양시 옥곡면 신금산단1길 1,34.96536882,127.725335,061-772-6440,2,평일:09:00~18:00,4840000,전라남도 광양시,2024-06-03
베스트자동차공업사,전라남도 광양시 용장길 4(성황동),34.94824778,127.6759961,061-794-0455,3,평일:08:50 ~ 17:30,4840000,전라남도 광양시,2024-06-03
(주)성황,전라남도 광양시 용장길13(성황동),34.94664356,127.6757295,061-791-4998,2,평일:09:00~18:00,4840000,전라남도 광양시,2024-06-03
국제모터스,경기도 가평군 설악면 자잠로 53-30,37.682751,127.489757,031-585-2361,1,평일:09:00~18:00,4160000,경기도 가평군,2024-08-12
테크원모터스㈜,경기도 가평군 가평읍 태봉두밀로 34-73,37.804460,127.486981,031-581-8585,1,평일:09:00~18:00+토요일:09:00~12:00,4160000,경기도 가평군,2024-08-12
일급합동자동차공업사,경기도 가평군 조종면 청군로 1213,37.813438,127.350173,031-585-5677,1,평일:09:00~18:00+토요일:09:00~12:00,4160000,경기도 가평군,2024-08-12
가평상용현대서비스,경기도 가평군 상면 청군로 1990,37.831392,127.295098,031-585-6360,2,평일:09:00~18:00,4160000,경기도 가평군,2024-08-12
설악자동차공업사,경기도 가평군 설악면 유명로 1708-12,37.677958,127.481133,031-585-9833,1,평일:09:00~18:00+토요일:09:00~12:00,4160000,경기도 가평군,2024-08-12
1급청평제일자동차정비센터,경기도 가평군 청평면 마지기길 17,37.748853,127.432486,031-581-4287,2,평일:09:00~18:00,4160000,경기도 가평군,2024-08-12
가평자동차정비공업㈜,경기도 가평군 가평읍 태평길 3,37.827675,127.515096,031-582-7233,1,평일:09:00~18:00,4160000,경기도 가평군,2024-08-12
청진자동차공업㈜,서울특별시 서초구 과천대로 904-6,37.47160884,126.9840555,02-587-2320,5,09:00~18:00,3210000,서울특별시 서초구,2024-08-08
양재현대서비스 주식회사,서울특별시 서초구 남부순환로342길 100-9,37.47590033,127.0277775,02-572-4665,4,09:00~18:00,3210000,서울특별시 서초구,2024-08-08
(주)인천현대모터스,인천광역시 동구 중봉대로 68(송현동),37.48523552,126.6448882,032-765-5001,2,평일:09:00~18:00+토요일:09:00~13:00,3500000,인천광역시 동구,2024-08-08
월드자동차공업(주),인천광역시 동구 봉수대로 95(송림동),37.48456097,126.6595316,032-579-8977,3,평일:09:00~18:00+토요일:09:00~13:00,3500000,인천광역시 동구,2024-08-08
KG모빌리티 인천서비스센터㈜,인천광역시 동구 방축로 17(송현동),37.48850054,126.6489468,032-584-5520,4,평일:09:00~18:00+토요일:09:00~13:00,3500000,인천광역시 동구,2024-08-08
(주)샵모터스,인천광역시 동구 방축로 165(송림동),37.48096038,126.663222,032-576-6532,3,평일:08:30~18:00+토요일:08:30~13:00,3500000,인천광역시 동구,2024-08-08
북항자동차정비검사소,인천광역시 동구 방축로9번길 57(송현동),37.49027644,126.6501681,032-583-5582,4,평일:08:30~17:30+토요일:08:30~13:00,3500000,인천광역시 동구,2024-08-08
금성1급종합정비,경상남도 의령군 부림면 의합대로 2102,35.46086044,128.3300157,055-574-9300,1,평일:09:00~17:00,5390000,경상남도 의령군,2024-08-07
대도정비,경상남도 의령군 의령읍 의병로 107,35.32086066,128.2496293,055-573-8275,1,평일:09:00~17:30+토요일:9:00~11:30,5390000,경상남도 의령군,2024-08-07
극동공업사,강원특별자치도 영월군 영월읍 덕포우회길 54,37.1786704,128.4741711,033-373-9220,2,"평일 : 09:00~18:00, 토요일(첫,셋째주) : 09:00~12:00",4271000,강원특별자치도 영월군,2024-07-29
영월현대서비스,강원특별자치도 영월군 영월읍 영월로 2129,37.1840232,128.482622,033-370-0802,3,토요일 09:00~18:00,4271000,강원특별자치도 영월군,2024-07-29
㈜화성현대서비스,,37.21770544,126.7290107,031-356-6200,,09:00~18:00,5530000,경기도 화성시,2024-07-31
우정자동차정비공업사㈜,,37.08134909,126.8099309,031-358-0464,,09:00~18:00,5530000,경기도 화성시,2024-07-31
와우자동차서비스,,37.21882632,126.9780082,031-267-0107,,09:00~18:00,5530000,경기도 화성시,2024-07-31
㈜영재모터스,,37.16235494,126.8980249,031-354-2877,,09:00~18:00,5530000,경기도 화성시,2024-07-31
㈜남양공업사,,37.20242225,126.8623443,031-366-8778,,09:00~18:00,5530000,경기도 화성시,2024-07-31
대성1급자동차공업사,,37.21091854,126.7384391,031-356-2134,,09:00~18:00,5530000,경기도 화성시,2024-07-31
신화성자동차공업사,,37.0639238,126.7940374,031-351-4499,,09:00~18:00,5530000,경기도 화성시,2024-07-31
안산자동차검사소,경기도 안산시 상록구 안산천서로6길 16 (월피동),37.33739152,126.849213,031-475-5270,,(평일)09:00~18:00+(토요일)09:00~13:00,B553881,한국교통안전공단,2024-01-26
안양자동차검사소,경기도 안양시 동안구 시민대로392 (관양동),37.39550714,126.9736054,031-422-4500,,(평일)09:00~18:00+(토요일)09:00~13:00,B553881,한국교통안전공단,2024-01-26
여수자동차검사소,전라남도 여수시 만성로 184-11 (만흥동),34.77331431,127.7167516,061-653-9893,,(평일)09:00~18:00+(토요일)09:00~13:00,B553881,한국교통안전공단,2024-01-26
㈜성산자동차,강원특별자치도 홍천군 홍천읍 구시울1길 16,37.67207874,127.8541272,033-435-2200,3,09:00~18:00,4251000,강원특별자치도 홍천군,2024-04-12
(주)광건정비사업소,강원특별자치도 홍천군 북방면 송학정로 23-40,37.68202727,127.8543725,033-434-0074,9,09:00~18:00,4251000,강원특별자치도 홍천군,2024-04-12
㈜태안현대자동차정비,경기도 화성시 정남면 만년로 441,37.16129606,126.9812898,031-352-9090,,09:00~18:00,5530000,경기도 화성시,2024-07-31
우성자동차정비공업사,,37.13978842,126.9027043,031-354-9909,,09:00~18:00,5530000,경기도 화성시,2024-07-31
현대남양서비스 주식회사,,37.20512179,126.7853287,031-366-9930,,09:00~18:00,5530000,경기도 화성시,2024-07-31
㈜길갈1급공업사,,37.22412516,126.8525067,031-355-0988,,09:00~18:00,5530000,경기도 화성시,2024-07-31
명차화성검사소,,37.21039819,126.9844269,0507-1412-011,,09:00~18:00,5530000,경기도 화성시,2024-07-31
남양현대1급정비㈜,,37.2165005834,126.8201085764,031-356-2131,,09:00~18:00,5530000,경기도 화성시,2024-07-31
팔탄상용현대서비스 주식회사,,37.12810423,126.8510483,0507-1343-775,,09:00~18:00,5530000,경기도 화성시,2024-07-31
화성서비스,경기도 화성시 양감면 은행나무로 432-3,37.0961166,126.9403681,0507-1407-474,,09:00~18:00,5530000,경기도 화성시,2024-07-31
㈜장안모터스,경기도 화성시 장안면 장안로 300,37.0841298,126.8487686,031-358-3959,,09:00~18:00,5530000,경기도 화성시,2024-07-31
㈜현대1급이조자동차정비,,37.1539516,126.9316589,0507-1373-332,,09:00~18:00,5530000,경기도 화성시,2024-07-31
주식회사 발안서비스,경기도 화성시 향남읍 발안공단로 107,37.08617875,126.9073037,031-353-2882,,09:00~18:00,5530000,경기도 화성시,2024-07-31
동탄서비스기아오토큐주식회사,,37.21794275,127.055179,031-238-8585,,09:00~18:00,5530000,경기도 화성시,2024-07-31
성화자동차서비스,경기도 화성시 양감면 두머리길 15,37.09790379,126.9403881,031-8047-0030,,09:00~18:00,5530000,경기도 화성시,2024-07-31
신안전자동차공업사㈜,,37.13236797,126.898237,000-0000-0000,,09:00~18:00,5530000,경기도 화성시,2024-07-31
㈜중앙고속,경기도 화성시 풀무골로 1,37.20506552,127.1251996,031-379-8884,,09:00~18:00,5530000,경기도 화성시,2024-07-31
1급화성자동차정비검사소주식회사,경기도 화성시 팔탄면 서해로 961,37.14752465,126.8912958,031-351-5105,,09:00~18:00,5530000,경기도 화성시,2024-07-31
화성상용서비스㈜,경기도 화성시 양감면 암소고개로 255-18,37.07655148,126.9145446,031-8058-1133,,09:00~18:00,5530000,경기도 화성시,2024-07-31
1급태동공업사,경기도 화성시 토성로 532,37.142895,126.896367,031-353-0885,,09:00~18:00,5530000,경기도 화성시,2024-07-31
남동탄서비스기아오토규주식회사,경기도 화성시 경기동로 477-5,37.15287357,127.1237279,031-373-7000,,09:00~18:00,5530000,경기도 화성시,2024-07-31
1급서부자동차,경기도 화성시 팔탄면 온천로 98,37.13317036,126.8637023,0507-1456-384,,09:00~18:00,5530000,경기도 화성시,2024-07-31
투플러스자동차정비,경기도 화성시 향남읍 발안로 677,37.12509433,126.9786314,031-8055-8746,,09:00~18:00,5530000,경기도 화성시,2024-07-31
㈜우림자동차,경기도 화성시 원고매로2번길 30,37.2193889391,127.1046651395,0507-1326-466,,09:00~18:00,5530000,경기도 화성시,2024-07-31
㈜쉼터서비스,경기도 화성시 정남면 시청로 1592,37.17110824,126.9502182,031-366-0238,,09:00~18:00,5530000,경기도 화성시,2024-07-31
서부공단모터스,인천광역시 서구 원당대로428번길 7 (왕길동),37.58911578,126.6502972,032-563-8804,,평일:09:00~18:00+토요일:09:00~13:00,6280000,인천광역시,2023-05-31
십정자동차공업사,인천광역시 서구 열우물로 175 (가좌동),37.47935346,126.6896033,032-579-9966,,평일:09:00~18:00+토요일:09:00~13:00,6280000,인천광역시,2023-05-31
인천보링종합모터스,인천광역시 서구 석남로 20 (석남동),37.50066056,126.6638469,032-577-5222,,평일:09:00~18:00+토요일:09:00~13:00,6280000,인천광역시,2023-05-31
㈜검단연안자동차,인천광역시 서구 검단천로 363 (오류동),37.59263635,126.6150524,032-516-2277,,평일:09:00~18:00+토요일:09:00~13:00,6280000,인천광역시,2023-05-31
㈜효성자동차공업,인천광역시 서구 봉수대로 1278 (왕길동),37.58952745,126.6581745,032-548-8204,,평일:09:00~18:00+토요일:09:00~13:00,6280000,인천광역시,2023-05-31
유영자동차공업㈜,인천광역시 서구 봉수대로501번길 9 (원창동),37.5201515,126.6612147,032-513-4949,,평일:09:00~18:00+토요일:09:00~13:00,6280000,인천광역시,2023-05-31
㈜현대자동차블루핸즈서인천서비스,인천광역시 서구 원석로 160 (원창동),37.50960191,126.6423684,032-581-8601,,평일:09:00~18:00+토요일:09:00~13:00,6280000,인천광역시,2023-05-31
클럽모터스,인천광역시 서구 원당대로428번길 16 (왕길동),37.58833525,126.6504804,032-566-7833,,평일:09:00~18:00+토요일:09:00~13:00,6280000,인천광역시,2023-05-31
오토플러스(주),인천광역시 서구 정서진로 70 (오류동),37.55810688,126.6166448,070-4735-9221,,평일:09:00~18:00+토요일:09:00~13:00,6280000,인천광역시,2023-05-31
성심자동차공업사,인천광역시 서구 건지로250번길 82 (가좌동),37.49181485,126.6692946,032-571-3000,,평일:09:00~18:00+토요일:09:00~13:00,6280000,인천광역시,2023-05-31
자연환경모터스,인천광역시 서구 북항로 193번길 71 (원창동),37.50016232,126.6271023,032-579-5512,,평일:09:00~18:00+토요일:09:00~13:00,6280000,인천광역시,2023-05-31
(주)한서자동차공업사,강원특별자치도 홍천군 북방면 송학정로 36-13,37.68287792,127.8598436,033-435-1901,4,09:00~18:00,4251000,강원특별자치도 홍천군,2024-04-12
현대자동차공업사,강원특별자치도 홍천군 홍천읍 공작산로 151,37.69370948,127.9074683,033-435-6400,1,09:00~18:00,4251000,강원특별자치도 홍천군,2024-04-12
(주) 홍천자동차공업사,강원특별자치도 홍천군 홍천읍 마지기로 145,37.70235625,127.8825048,033-434-2425,1,09:00~18:00,4251000,강원특별자치도 홍천군,2024-04-12
석화자동차공업사,강원특별자치도 홍천군 홍천읍 마지기로 187,37.70457671,127.8792513,033-435-9650,1,09:00~18:00,4251000,강원특별자치도 홍천군,2024-04-12
서석현대공업사,강원특별자치도 홍천군 서석면 아미산길 40-3,37.71887662,128.1798179,033-433-7910,1,09:00~18:00,4251000,강원특별자치도 홍천군,2024-04-12
삼성자동차공업사,강원특별자치도 홍천군 남면 명덕길 11-4,37.61707148,127.7663695,033-432-6432,1,09:00~18:00,4251000,강원특별자치도 홍천군,2024-04-12
동탄중앙모터스,경기도 화성시 장주기길 5,37.16179022,127.0799337,0507-1471-498,,09:00~18:00,5530000,경기도 화성시,2024-07-31
병점종합자동차검사소,경기도 화성시 정조로 64,37.21759527,127.0288787,0507-1392-557,,09:00~18:00,5530000,경기도 화성시,2024-07-31
㈜창원모터스,경기도 화성시 팔탄면 푸른들판로 416-53,37.1459247,126.8989981,031-352-6500,,09:00~18:00,5530000,경기도 화성시,2024-07-31
한국지엠 평택칠용지정서비스,경기도 평택시 삼남로 27-6(칠원동),37.029460,127.099149,031-668-7575,,09:00 ~ 18:00,3910000,경기도 평택시,2024-07-30
삼성정비 주식회사,경기도 평택시 평남로 456(합정동),36.988627,127.092032,031-657-3333,,09:00 ~ 18:00,3910000,경기도 평택시,2024-07-30
TH모터스,경기도 평택시 진위면 진위산단로 53-95,37.123547,127.080025,031-378-4972,,09:00 ~ 18:00,3910000,경기도 평택시,2024-07-30
평택대형자동차공업사,경기도 평택시 산단로15번길 6(모곡동),37.037693,127.072420,031-0000-0000,,09:00 ~ 18:00,3910000,경기도 평택시,2024-07-30
우리자동차정비공장,경기도 평택시 청북읍 현곡길 48,37.0465996831,126.930471,031-683-6300,,09:00 ~ 18:00,3910000,경기도 평택시,2024-07-30
㈜번창자동차공업사,경기도 평택시 도일로 262(도일동),37.056783,127.122501,031-656-8851,,09:00 ~ 18:00,3910000,경기도 평택시,2024-07-30
주식회사 우석공업사,경기도 평택시 노루댕이1길 14(장당동),37.044476,127.063923,031-665-6466,,09:00 ~ 18:00,3910000,경기도 평택시,2024-07-30
안중현대서비스(주),경기도 평택시 오성면 서동대로 2061,37.008107,126.971417,031-682-1900,,09:00 ~ 18:00,3910000,경기도 평택시,2024-07-30
진한자동차검사소,경기도 평택시 현덕면 서해로 668,36.956858,126.921075,031-681-1760,,09:00 ~ 18:00,3910000,경기도 평택시,2024-07-30
평화현대서비스 주식회사,경기도 평택시 포승읍 포승서로 80,36.997615,126.855998,031-686-8777,,09:00 ~ 18:00,3910000,경기도 평택시,2024-07-30
서평택모터스,경기도 평택시 포승읍 포승향남로 355,36.995840,126.845506,031-683-7833,,09:00 ~ 18:00,3910000,경기도 평택시,2024-07-30
오성공업사,경기도 평택시 오성면 숙성길 213,37.006942,126.979533,031-681-4123,,09:00 ~ 18:00,3910000,경기도 평택시,2024-07-30
1급현대자동차정비공장,경기도 평택시 송탄로 428(지산동),37.081779,127.058248,031-668-0167,,09:00 ~ 18:00,3910000,경기도 평택시,2024-07-30
(주)세진자동차서비스,"경기도 평택시 신평로 67, 111동(유천동)",36.972986,127.105297,031-652-4848,,09:00 ~ 18:00,3910000,경기도 평택시,2024-07-30
카카오토검사정비㈜,경기도 평택시 포승읍 포승향남로 95-5,36.9847073507,126.8717491608,031-684-9974,,09:00 ~ 18:00,3910000,경기도 평택시,2024-07-30
송탄1급자동차공업사,경기도 평택시 청원로 1399(장안동),37.052651,127.078666,031-611-4585,,09:00 ~ 18:00,3910000,경기도 평택시,2024-07-30
어연드림자동차검사소,경기도 평택시 청북읍 청북산단로 30,37.050233,126.973599,031-0000-0000,,09:00 ~ 18:00,3910000,경기도 평택시,2024-07-30
㈜올카,경기도 평택시 포승향남로 235,36.990396,126.857856,031-0000-0000,,09:00 ~ 18:00,3910000,경기도 평택시,2024-07-30
청도공업사(팽성점),경기도 평택시 팽성읍 팽성로 215,36.9546461505,127.059226,031-0000-0000,,09:00 ~ 18:00,3910000,경기도 평택시,2024-07-30
울진정비,경상북도 울진군 울진읍 울진북로 659,37.0054622,129.3997069,054-782-4000,1,09:00~18:00,5250000,경상북도 울진군,2024-07-31
㈜동경종합정비,경상북도 울진군 평해읍 동해대로 723,36.7049239,129.4426065,054-787-5555,1,09:00~18:00,5250000,경상북도 울진군,2024-07-31
백만정비,경상북도 울진군 울진읍 토일1길 138,36.9801607,129.3953319,054-782-6000,1,09:00~18:00,5250000,경상북도 울진군,2024-07-31
한미1급종합정비,경상북도 울진군 평해읍 학곡7길 18,36.7068138,129.4414713,054-787-8500,1,09:00~18:00,5250000,경상북도 울진군,2024-07-31
동일정비,경상북도 울진군 북면 울진북로 1834,37.0818644,129.3741801,054-783-7900,1,09:00~18:00,5250000,경상북도 울진군,2024-07-31
㈜엠원기업,대전광역시 서구 월드컵대로 484번길82-20,36.346941,127.352904,042-538-7796,3,평일09:00-18:00+토요일09:00-13:00,6300000,대전광역시,2021-10-26
지오스마일상사(주),서울특별시 강서구 양천로 368(가양동),37.5670728,126.843156,02-2668-5449,5,평일:09:00~18:00+토요일:09:00~13:00,3150000,서울특별시 강서구,2023-11-27
상록한마음모터스㈜,경기도 안산시 상록구 안산천서로 271,37.33747019,126.8500235,031-475-1566,,09:00~18:00,3930000,경기도 안산시,2024-06-28
오버존자동차1급정비,경기도 안산시 단원구 번영1로 7,37.32230628,126.7324929,031-480-4972,,09:00~18:00,3930000,경기도 안산시,2024-06-28
기아오토큐 안산사동자동차공업사,경기도 안산시 상록구 선진로 30,37.27922209,126.8468559,031-408-2031,,09:00~18:00,3930000,경기도 안산시,2024-06-28
동신자동차정비,경기도 안산시 단원구 시화호수로 841번길 28-3,37.2983505,126.7611187,031-408-3377,,09:00~18:00,3930000,경기도 안산시,2024-06-28
(주)대부일심1급자동차,경기도 안산시 단원구 대부황금로 1104,37.25878587,126.5849162,032-886-0660,,09:00~18:00,3930000,경기도 안산시,2024-06-28
청원자동차정비,경기도 안산시 상록구 오목로 171,37.29161106,126.8766002,031-409-4433,,09:00~18:00,3930000,경기도 안산시,2024-06-28
㈜안산모터스,경기도 안산시 단원구 연수원로 17,37.31544247,126.7967649,031-494-0131,,09:00~18:00,3930000,경기도 안산시,2024-06-28
신광자동차정비,경기도 안산시 단원구 선이로 33,37.34305616,126.8012585,031-482-8585,,09:00~18:00,3930000,경기도 안산시,2024-06-28
(주)동양정비,경기도 안산시 상록구 오목로13길 16,37.29287771,126.8767499978,031-407-0707,,09:00~18:00,3930000,경기도 안산시,2024-06-28
세기자동차정비㈜,경기도 안산시 상록구 선진안길 25,37.28078315,126.8447179,031-407-4800,,09:00~18:00,3930000,경기도 안산시,2024-06-28
㈜1급현대정비,경기도 안산시 단원구 선이로 43,37.34385415,126.8005342,031-484-5556,,09:00~18:00,3930000,경기도 안산시,2024-06-28
㈜중앙카독크,경기도 안산시 상록구 안산천서로 265,37.33711148,126.8495877,031-475-1282,,09:00~18:00,3930000,경기도 안산시,2024-06-28
현대대명모터스,경기도 안산시 상록구 선진6길 18,37.28139855,126.8449195,031-407-5333,,09:00~18:00,3930000,경기도 안산시,2024-06-28
경동모터스,경기도 안산시 상록구 선진3길 14,37.27938465,126.848687,031-408-5200,,09:00~18:00,3930000,경기도 안산시,2024-06-28
주식회사 모건,경기도 용인시 기흥구 용구대로2469번길 1 (보정동),37.30664513,127.1054935,031-283-5500,,09:00~18:00,4050000,경기도 용인시,2024-08-07
(주)장안,경기도 용인시 기흥구  용구대로2469번길 128 (보정동),37.31805916,127.1058056,1588-4212,,09:00~18:00,4050000,경기도 용인시,2024-08-07
(주)오토허브서비스,경기도 용인시 기흥구 중부대로 242 (영덕동) C동 1층 (영덕동),37.26946876,127.0932438,031-5182-5777,,09:00~18:00,4050000,경기도 용인시,2024-08-07
(주)구갈현대서비스,경기도 용인시 기흥구 중부대로 537-15 (구갈동),37.27255127,127.1248867,031-282-2111,,09:00~18:00,4050000,경기도 용인시,2024-08-07
명차공업사,경기도 용인시 기흥구 중부대로746번길 14-12 (상하동),37.26241532,127.1380673,031-281-0110,,09:00~18:00,4050000,경기도 용인시,2024-08-07
1급비손모터스공업사,경기도 용인시 기흥구 천명산로 5 (하갈동),37.25509557,127.0924875,031-204-0600,,09:00~18:00,4050000,경기도 용인시,2024-08-07
다모아자동차서비스,경기도 용인시 기흥구 공세로 208 (공세동),37.23960768,127.1023725,031-285-4660,,09:00~18:00,4050000,경기도 용인시,2024-08-07
수지서비스기아오토큐,경기도 용인시 수지구 수지로 112 (성복동),37.31169123,127.0785803,031-262-2355,,09:00~18:00,4050000,경기도 용인시,2024-08-07
신세계자동차공업(주),경기도 용인시 수지구  용구대로 2711-3 (죽전동),37.32803172,127.1079797,031-263-0090,,09:00~18:00,4050000,경기도 용인시,2024-08-07
(주)수지자동차(풍덕천),경기도 용인시 수지구 풍덕천로190번길 15-4 (풍덕천동),37.32507732,127.1026214,031-262-6655,,09:00~18:00,4050000,경기도 용인시,2024-08-07
처인중앙현대서비스(주),경기도 용인시 처인구 명지로 176 (남동),37.22605505,127.1944137,031-321-1700,,09:00~18:00,4050000,경기도 용인시,2024-08-07
원탑코리아공업사,인천광역시 남동구 석정로 540-1(간석동),37.46562094,126.6958729,032-858-4119,,평일:09:00~18:00+토요일:09:00~13:00,6280000,인천광역시,2023-05-31
신성자동차(10.4.26),인천광역시 남동구 논현고잔로 135번길 30-34(고잔동),37.39766685,126.7125349,032-446-7700,,평일:09:00~18:00+토요일:09:00~13:00,6280000,인천광역시,2023-05-31
고려1급자동차,인천광역시 남동구 논현고잔로 109번길 68 (고잔동),37.39405489,126.7092749,032-811-2288,,평일:09:00~18:00+토요일:09:00~13:00,6280000,인천광역시,2023-05-31
제이오토카케어센터,인천광역시 부평구 백범로 573(십정동),37.47418043,126.6895385,032-821-2002,,평일:09:00~18:00+토요일:09:00~13:00,6280000,인천광역시,2023-05-31
(주)부강자동차사업소,인천광역시 부평구 백범로 578번길 58(십정동),37.47668101,126.6920239,032-576-5825,,평일:09:00~18:00+토요일:09:00~13:00,6280000,인천광역시,2023-05-31
신일자동차서비스,인천광역시 부평구 평천로 118 (청천동),37.52056679,126.7053352,032-501-4600,,평일:09:00~18:00+토요일:09:00~13:00,6280000,인천광역시,2023-05-31
와수자동차공업사,강원도 철원군 서면 와수로 258,38.24452826,127.4447718,033-458-8011,1,평일 9-18시,4301000,강원특별자치도 철원군,2022-11-22
전방자동차공업사,강원도 철원군 갈말읍 두루미로 53,38.18168208,127.3235776,033-452-5380,1,평일 9-18시,4301000,강원특별자치도 철원군,2022-11-22
순천자동차검사소,전라남도 순천시 해촌길10 (조례동),34.9649137,127.5495402,061-741-5532,,(평일)09:00~18:00+(토요일)09:00~13:00,B553881,한국교통안전공단,2024-01-26
신탄진자동차검사소,대전광역시 대덕구 대덕대로1417번길 31 (문평동),36.4470167,127.4051163,042-931-8106,,(평일)09:00~18:00+(토요일)09:00~13:00,B553881,한국교통안전공단,2024-01-26
안동자동차검사소,경상북도 안동시 경북대로 166-13 (수상동),36.548134,128.7028338,054-858-8447,,(평일)09:00~18:00+(토요일)09:00~13:00,B553881,한국교통안전공단,2024-01-26
남부자동차서비스,경기도 파주시 파주읍 정문로588번길 56,37.8101254,126.8218517,031-952-1658,3,평일:09:00~18:00+토요일:09:00~13:00,4060000,경기도 파주시,2024-05-14
한양1급자동차공업사,경기도 파주시 월롱면 한태말길 3-10,37.77834538,126.788844,031-948-0028,3,평일:09:00~18:00+토요일:09:00~13:00,4060000,경기도 파주시,2024-05-14
주식회사 파주자동차,경기도 파주시 월롱면 엘지로 274-60,37.81543295,126.7689058,070-7718-1244,3,평일:09:00~18:00+토요일:09:00~13:00,4060000,경기도 파주시,2024-05-14
주식회사 현대오성자동차공업사,경기도 파주시 탄현면 평화로 563,37.77200233,126.721975,031-943-8272,3,평일:09:00~18:00+토요일:09:00~13:00,4060000,경기도 파주시,2024-05-14
(유)새천년모터스공업사,전북특별자치도 임실군 임실읍 호국로 1778,35.61885518,127.2931281,063-644-1515,1,09:00~18:00,4761000,전북특별자치도 임실군,2024-07-22
(유)임실모터스,전북특별자치도 임실군 임실읍 춘향로 2999,35.635822,127.283421,063-644-9119,1,09:00~18:00,4761000,전북특별자치도 임실군,2024-07-22
무진장공업사,전북특별자치도 진안군 진안읍 전진로 3136-9,35.78001722,127.4047397,063-433-7711,2,(평일)09:00~18:00,4731000,전북특별자치도 진안군,2024-07-22
안천공업사,전북특별자치도 진안군 안천면 진무로 3023,35.8990157,127.5548345,063-432-4141,1,(평일)09:00~18:00,4731000,전북특별자치도 진안군,2024-07-22
화성공업사,경기도 의정부시 경의로117번길 11(의정부동),37.73357417,127.0489508,031-877-2777,3,평일09:00~18:00,3820000,경기도 의정부시,2024-07-15
현대자동차정비공업사㈜,경기도 의정부시 입석로 52(가능동),37.75525416,127.0200971,031-878-8400,5,평일08:00~18:00+토요일08:00~18:00,3820000,경기도 의정부시,2024-07-15
주식회사 광성카독크,경기도 의정부시 입석로32번길 2(녹양동),37.75632294,127.022243,031-837-1112,3,평일09:30~17:30+토요일09:30~12:30,3820000,경기도 의정부시,2024-07-15
㈜한국자동차,경기도 의정부시 호국로 1608(금오동),37.75617627,127.0794626,031-840-4401,5,평일08:30~18:00+토요일08:30~13:00,3820000,경기도 의정부시,2024-07-15
교통안전공단 구로검사소,서울특별시 구로구 경인로 113,37.4928494506,126.8333562284,02-2037-6000,14,평일:09:00~18:00+토요일:09:00~13:00,3160000,서울특별시 구로구,2024-10-14
(주)관악정비센터,서울특별시 관악구 봉천로 412,37.48248663,126.9455949,02-875-8000,2,평일:08:30~17:00+토요일:08:00~12:00(셋째주 토요일 휴무),3200000,서울특별시 관악구,2024-09-30
㈜지에스모터스,경기도 파주시 교하로863번길 5,37.72437451,126.701624,031-918-8282,3,평일:09:00~18:00+토요일:09:00~13:00,4060000,경기도 파주시,2024-05-14
두원현대서비스,경기도 파주시 조리읍 통일로 477-14,37.75552179,126.8012763,031-948-2121,3,평일:09:00~18:00+토요일:09:00~13:00,4060000,경기도 파주시,2024-05-14
파주현대서비스,경기도 파주시 월롱면 휴암로 235,37.81236016,126.7825403,031-949-9141,3,평일:09:00~18:00+토요일:09:00~13:00,4060000,경기도 파주시,2024-05-14
영남종합정비,경상북도 김천시 아홉사리길 8,36.15459087,128.1161005,054-437-8541,1,08:30~17:30,5060000,경상북도 김천시,2024-08-20
김천자동차공업사,경상북도 김천시 양금로 206,36.11214541,128.1234235,054-439-3636,1,08:30~17:30,5060000,경상북도 김천시,2024-08-20
황악모터스주식회사,경상북도 김천시 남면 아포대로 348-7,36.13471849,128.184633,054-431-7272,1,08:30~17:30,5060000,경상북도 김천시,2024-08-20
서김천현대서비스,경상북도 김천시 속구미길 65,36.12911133,128.133494,054-433-1154,1,08:30~18:00,5060000,경상북도 김천시,2024-08-20
김천공단정비,경상북도 김천시 공단로 269,36.14562485,128.1236965,054-432-7166,1,08:30~17:30,5060000,경상북도 김천시,2024-08-20
아포1급종합정비,경상북도 김천시 아포읍 포아로 20,36.16232246,128.2585189,054-431-5004,1,08:30~18:00,5060000,경상북도 김천시,2024-08-20
국제자동차공업사,전북특별자치도 익산시 서동로 205,35.93886902,126.9726221,063-855-0776,3,평일:09:00~18:00+토요일:09:00~13:00,4681000,전북특별자치도 익산시,2024-08-19
(유)유신공업사,전북특별자치도 익산시 서동로 209,35.93889183,126.9730707,063-855-0327,3,평일:08:30~17:30+토요일:08:30~12:00,4681000,전북특별자치도 익산시,2024-08-19
1급 서일특장자동차 공업사,전북특별자치도 익산시 함열읍 함열10길 25,36.07582395,126.9659782,063-861-0334,3,평일:09:00~18:00+토요일:09:00~13:00,4681000,전북특별자치도 익산시,2024-08-19
새한자동차공업사,전북특별자치도 익산시 목천로 51,35.91926094,126.933902,063-852-1234,3,평일:09:00~18:00+토요일:09:00~13:00,4681000,전북특별자치도 익산시,2024-08-19
엠케이모터스,전북특별자치도 익산시 약촌로 63,35.93946321,126.9773993,063-842-3355,3,평일:08:30~17:30+토요일:08:30~12:00,4681000,전북특별자치도 익산시,2024-08-19
1급 신하림자동차공업사,전북특별자치도 익산시 함열읍 익산대로 1676-22,36.06899854,126.9672709,063-862-2678,3,평일:09:00~18:00+토요일:09:00~13:00,4681000,전북특별자치도 익산시,2024-08-19
(유)제일자동차공업사,전북특별자치도 익산시 군익로 446-1,35.94311165,126.9343311,063-855-0020,3,평일:09:00~18:00+토요일:09:00~13:00,4681000,전북특별자치도 익산시,2024-08-19
동산자동차공업사,전북특별자치도 익산시 목천로6길 42,35.928531,126.9496924,063-856-3800,3,평일:08:30~17:30+토요일:08:30~12:00,4681000,전북특별자치도 익산시,2024-08-19
(유)남성자동차공업사,전북특별자치도 익산시 동서로 341,35.95095966,126.9708267,063-842-9435,3,평일:09:00~18:00+토요일:09:00~13:00,4681000,전북특별자치도 익산시,2024-08-19
백제자동차공업사,전북특별자치도 익산시 마한로 161,35.966015,126.9821379,063-832-3900,3,평일:08:30~17:30+토요일:08:30~12:00,4681000,전북특별자치도 익산시,2024-08-19
이한자동차공업사,전북특별자치도 익산시 춘포로 81,35.91544922,126.9818169,063-854-0790,3,평일:09:00~18:00+토요일:09:00~13:00,4681000,전북특별자치도 익산시,2024-08-19
주식회사우성현대서비스,경기도 군포시 공단로125,37.35637319,126.9490751,031-429-1102,4,평일:09:00~18:00+토요일:09:00~13:00,4020000,경기도 군포시,2024-10-16
아세아공업사,강원특별자치도 정선군 정선읍 용담길 101,37.37836694,128.6515601,033-563-0868,3,평일 09:00~18:00+토요일 09:00~12:00,4291000,강원특별자치도 정선군,2024-05-28
정선아라리자동차공업사,강원특별자치도 정선군 정선읍 칠현로 1907,37.37074504,128.6703567,033-563-4267,3,평일 09:00~18:00+토요일 09:00~12:00,4291000,강원특별자치도 정선군,2024-05-28
태영모터스,경기도 파주시 강천길 58-7,37.7621399,126.7657187,031-947-0707,3,평일:09:00~18:00+토요일:09:00~13:00,4060000,경기도 파주시,2024-05-14
(주)진흥공업사,경기도 파주시 문산읍 우계로 430-13,37.85792381,126.7963573,031-952-2373,3,평일:09:00~18:00+토요일:09:00~13:00,4060000,경기도 파주시,2024-05-14
신화모터스 주식회사,경기도 파주시 쌀뚜기길 4-13,37.7235858,126.6999516,031-941-9112,3,평일:09:00~18:00+토요일:09:00~13:00,4060000,경기도 파주시,2024-05-14
JK공업사,경기도 파주시 아리랑로 8,37.76190832,126.767862,031-946-0197,3,평일:09:00~18:00+토요일:09:00~13:00,4060000,경기도 파주시,2024-05-14
알3모터스,부산광역시 서구 충무대로 221(남부민동),35.09034247,129.0238917,051-996-8272,4,평일:08:00~18:00+토요일:08:00~13:00,3260000,부산광역시 서구,2024-11-07
교통안전공단 부천자동차검사소,"경기도 부천시 오정구 오정로42, (삼정동)",37.52459327,126.765054,032-674-5000,16,평일 09:00~18:00+토요일 09:00~13:00,3860000,경기도 부천시,2024-11-05
㈜부천자동차공업사,경기도 부천시 오정구 신흥로382,37.5176954,126.7755446,032-672-5806,3,평일 09:00~18:00+토요일 09:00~13:00,3860000,경기도 부천시,2024-11-05
형제자동차공업사,경기도 부천시 오정구 오정로107,37.52624406,126.7717838,032-672-2311,4,평일 09:00~18:00+토요일 09:00~13:00,3860000,경기도 부천시,2024-11-05
㈜선경,경기도 부천시 원미구 부천로228,37.50444408,126.787145,032-655-2100,4,평일 09:00~18:00+토요일 09:00~13:00,3860000,경기도 부천시,2024-11-05
예지엠에스㈜,경기도 부천시 오정구 오정로282,37.5315163431,126.7890433889,032-671-5500,4,평일 09:00~18:00+토요일 09:00~13:00,3860000,경기도 부천시,2024-11-05
㈜아주자동차공업사,경기도 부천시 원미구 신흥로300,37.51030252,126.7752427,032-662-7000,4,평일 09:00~18:00+토요일 09:00~13:00,3860000,경기도 부천시,2024-11-05
㈜오토맥스,경기도 부천시 원미구 부천로190,37.5008557,126.7869755,032-656-8030,4,평일 09:00~18:00+토요일 09:00~13:00,3860000,경기도 부천시,2024-11-05
영진1급정비㈜,경기도 부천시 오정구 봉오대로556번길10,37.53876848,126.8209908,032-673-7001,4,평일 09:00~18:00+토요일 09:00~13:00,3860000,경기도 부천시,2024-11-05
1급제일스카이정비,경기도 부천시 오정구 송내대로518번길30,37.52939961,126.7614901,032-676-0096,4,평일 09:00~18:00+토요일 09:00~13:00,3860000,경기도 부천시,2024-11-05
㈜카런,경기도 부천시 오정구 송내대로518번길104-6,37.5294286,126.7664109,032-682-1524,3,평일 09:00~18:00+토요일 09:00~13:00,3860000,경기도 부천시,2024-11-05
삼정자동차정비㈜,경기도 부천시 오정구 오정로108,37.52533787,126.7724604,032-673-9991,4,평일 09:00~18:00+토요일 09:00~13:00,3860000,경기도 부천시,2024-11-05
㈜미래자동차,경기도 부천시 오정구 석천로396,37.52197035,126.768771,032-671-8813,3,평일 09:00~18:00+토요일 09:00~13:00,3860000,경기도 부천시,2024-11-05
서광1급정비㈜,경기도 부천시 오정구 신흥로441번길86,37.52386992,126.7714962,032-673-7001,4,평일 09:00~18:00+토요일 09:00~13:00,3860000,경기도 부천시,2024-11-05
부천자동차검사정비,경기도 부천시 원미구 원미로241번길14,37.504379,126.7943186,032-342-6589,3,평일 09:00~18:00+토요일 09:00~13:00,3860000,경기도 부천시,2024-11-05
주식회사 붕붕자동차공업사,경기도 부천시 오정구 오정로 278(오정동),37.5310798,126.7887720910,032-674-6001,2,평일 08:30~18:00+토요일 09:00~13:00,3860000,경기도 부천시,2024-11-05
동서울모터스,서울특별시 중랑구 망우로55길 24(상봉동),37.59886812,127.0933242,02-496-8110,4,08:30~17:30,3060000,서울특별시 중랑구,2024-10-25
합성자동차,서울특별시 강북구 도봉로 113,37.61900103,127.0288457,02-989-9720,,평일:09~17:20+토요일:09~12:20,3080000,서울특별시 강북구,2024-10-18
한국교통안전공단 홍성검사소,충청남도 홍성군 홍성읍 충서로 1207,36.58388952,126.6549007,041-632-5837,2,평일:09~18:00+토요일:09:00~13:00,4600000,충청남도 홍성군,2024-08-26
제일자동차공업사,강원특별자치도 홍천군 남면 양덕원로 183,37.62413993,127.7727783,033-432-8933,1,09:00~18:00,4251000,강원특별자치도 홍천군,2024-04-12
강원종합자동차공업사,강원특별자치도 홍천군 북방면 송학정로 42,37.68269167,127.8593397,033-434-0063,1,09:00~18:00,4251000,강원특별자치도 홍천군,2024-04-12
서하남공업사,경기도 하남시 초광산단로 75,37.52869332,127.1722536,02-441-6266,,(평일) 08:30~18:00,4040000,경기도 하남시,2024-06-28
태온모터스,경기도 하남시 감초로184번길 11,37.5285017,127.165622,02-481-8181,,(평일) 08:00~18:00,4040000,경기도 하남시,2024-06-28
반도자동차공업사,충청남도 태안군 태안읍 환동로11,36.74841941,126.2923958,041-675-4011,2,평일:09~18:00+토요일:09:00~13:00,4620000,충청남도 태안군,2024-07-01
태안현대서비스,충청남도 태안군 태안읍 원이로79,36.7640948,126.2875168,041-675-5217,2,평일:09~18:00+토요일:09:00~13:00,4620000,충청남도 태안군,2024-07-01
안면자동차공업사,충청남도 태안군 안면읍 장터로181-5,36.52326127,126.3445332,041-674-8888,2,평일:09~18:00+토요일:09:00~13:00,4620000,충청남도 태안군,2024-07-01
태안기아서비스(주),충청남도 태안군 태안읍 서해로2068-16,36.75654089,126.3324482,041-675-6666,2,평일:09~18:00+토요일:09:00~13:00,4620000,충청남도 태안군,2024-07-01
주식회사태안현대정비공장,충청남도 태안군 태안읍 평촌길 26,36.75392076,126.3305716,041-675-9913,2,평일:09~18:00+토요일:09:00~13:00,4620000,충청남도 태안군,2024-07-01
케이디오토모빌토탈서비스㈜,경기도 화성시 은행나무로 23,37.064799,126.932494,031-910-1479,,09:00~18:00,5530000,경기도 화성시,2024-07-31
현대동탄서비스㈜2호점,경기도 화성시 효행로 1338-51,37.2294517258,127.0678147737,0507-1368-270,,09:00~18:00,5530000,경기도 화성시,2024-07-31
엔카모터스,경기도 화성시 동탄지성로412번길 16,37.22940526,127.0472377,0507-1349-497,,09:00~18:00,5530000,경기도 화성시,2024-07-31
향남서비스,경기도 화성시 팔탄면 덕우공단1길 126,37.15605259,126.9265306,031-8059-5471,,09:00~18:00,5530000,경기도 화성시,2024-07-31
(주)수레와바퀴,경기도 화성시 융건로 41-20,37.2174870177,126.9843948232,031-296-2556,,09:00~18:00,5530000,경기도 화성시,2024-07-31
태흥자동차공업사,경기도 화성시 남양읍 현대기아로 520-10,37.1946395962,126.8491779476,031-8059-9961,,09:00~18:00,5530000,경기도 화성시,2024-07-31
송산1급종합자동차공업사,경기도 화성시 화산북로 9,37.2089807,127.0068136191,031-267-0920,,09:00~18:00,5530000,경기도 화성시,2024-07-31
인정자동차정비공업사,경기도 화성시 효행로 434,37.2117185232,126.9832499043,031-294-4141,,09:00~18:00,5530000,경기도 화성시,2024-07-31
현대기흥서비스,경기도 용인시 기흥구 공세로 155 (공세동),37.23754351,127.1067198,031-286-5100,,09:00~18:00,4050000,경기도 용인시,2024-08-07
동탄현대서비스㈜검사장,경기도 용인시 기흥구  공세로 25 (고매동),37.22968582,127.1035986,031-275-5100,,09:00~18:00,4050000,경기도 용인시,2024-08-07
청덕모터스(주),경기도 용인시 기흥구 구성로 322-1 (청덕동),37.28988887,127.1444522,031-8005-6060,,09:00~18:00,4050000,경기도 용인시,2024-08-07
별내 현대 서비스,경기도 남양주시 송산로 356(별내동),37.67338943,127.1343605,1588-0501,,평일 09:00~18:00,3990000,경기도 남양주시,2024-11-08
별내서비스기아오토큐㈜,경기도 남양주시 별내면 청학로 79,37.70717138,127.1180059,031-843-7300,,평일 09:00~18:00,3990000,경기도 남양주시,2024-11-08
㈜평내현대자동차서비스,경기도 남양주시 경춘로 1319(평내동),37.6513249,127.2384726,031-595-3663,,평일 09:00~18:00,3990000,경기도 남양주시,2024-11-08
K현대자동차공업사㈜,경기도 남양주시 화도읍 재재기로 40(화도읍),37.62998522,127.3018227,031-559-1215,,평일 09:00~18:00,3990000,경기도 남양주시,2024-11-08
하진1급자동차공업사,광주광역시 서구 상무누리로 133,35.15502268,126.8381549,062-367-0888,3,평일:09:00-17:30+토요일:09:00-12:00,3600000,광주광역시 서구,2024-06-19
기아검사정비서비스(주),광주광역시 서구 무진대로772번길 6,35.16109213,126.8646665,062-527-2111,3,평일:08:30-18:00+토요일:09:00-12:00,3600000,광주광역시 서구,2024-06-19
㈜한솔자동차공업사,광주광역시 서구 풍서우로 172,35.12883357,126.8432518,062-374-9988,3,평일:09:00-18:00+토요일:09:00-12:00,3600000,광주광역시 서구,2024-06-19
(주)삼삼1급자동차서비스,광주광역시 서구 상무누리로 137,35.15533498,126.8378064,062-381-3333,4,평일:09:00-18:00+토요일:09:00-12:00,3600000,광주광역시 서구,2024-06-19
용인남동현대모터스㈜,경기도 용인시 처인구 백옥대로 950 (남동),37.22044142,127.2102452,031-336-6708,,09:00~18:00,4050000,경기도 용인시,2024-08-07
용인JH종합자동차검사소,경기도 용인시 처인구  백옥대로 954 (남동),37.22092834,127.2097427,031-334-5115,,09:00~18:00,4050000,경기도 용인시,2024-08-07
(주)광명자동차공업,경기도 용인시 처인구  유림로 165-27 (유방동),37.25925647,127.1961755,031-322-4975,,09:00~18:00,4050000,경기도 용인시,2024-08-07
대청자동차정비(주),경기도 용인시 처인구 경안천로 214-5 (고림동),37.25027984,127.2189197,031-332-2346,,09:00~18:00,4050000,경기도 용인시,2024-08-07
대지남사서비스 주식회사,경기도 용인시 처인구 남사읍 천덕산로 23 (남사읍),37.11781432,127.1116892,1577-1335,,09:00~18:00,4050000,경기도 용인시,2024-08-07
동화종합자동차공업(주),경기도 용인시 처인구 모현읍 포은대로1069번길 13-8 (모현읍),37.33313956,127.1604254,031-266-0697,,09:00~18:00,4050000,경기도 용인시,2024-08-07
(주)현대양지자동차공업사,경기도 용인시 처인구 양지면 남평로 39,37.23088508,127.2889944,031-338-1141,,09:00~18:00,4050000,경기도 용인시,2024-08-07
용인현대자동차공업(주),경기도 용인시 처인구 양지면 중부대로 2038-8,37.22600834,127.2704227,031-321-5656,,09:00~18:00,4050000,경기도 용인시,2024-08-07
양지대형서비스기아오토큐㈜,경기도 용인시 처인구 양지면 중부대로 2318 (양지면),37.23418108,127.2992924,31-339-4972,,09:00~18:00,4050000,경기도 용인시,2024-08-07
1급유성오토모빌,경기도 용인시 처인구 이동읍 화산로 13-1,37.14543747,127.2037702,031-336-4644,,09:00~18:00,4050000,경기도 용인시,2024-08-07
제일종합정비,"부산광역시 중구 흑교로45번길 4, 1층(보수동2가, 제일종합정비)",35.1037355602,129.0247358452,051-241-5884,1,평일09:00~18:00+토요일09:00~15:00,3250000,부산광역시 중구,2024-08-07
우성카정비공장,경상북도 영주시 풍기읍 신재로 842번길 9-7,36.86346493,128.5305839,054-636-7766,,09:00~18:00,5090000,경상북도 영주시,2024-08-02
항도공업사,강원특별자치도 동해시 동해대로 5026 (효가동),37.4943122,129.1120156,033-522-1178,,평일 09:00~18:00,4211000,강원특별자치도 동해시,2024-08-27
동해공업사,강원특별자치도 동해시 대동로 261-8 (송정동),37.49292991,129.1240565,033-522-4018,,매일 08:30~18:00,4211000,강원특별자치도 동해시,2024-08-27
송용자동차정비,강원특별자치도 동해시 해안로1 (용정동),37.50484179,129.1259629,033-535-0244,,평일 09:00~18:00,4211000,강원특별자치도 동해시,2024-08-27
한양공업사,강원특별자치도 동해시 임항로89 (부곡동),37.54088458,129.1102974,033-532-6622,,평일 09:00~18:00,4211000,강원특별자치도 동해시,2024-08-27
한광자동차종합정비㈜,강원특별자치도 동해시 삼화로58 (이로동),37.48428277,129.0639177,033-534-8882,,평일 08:30~17:30,4211000,강원특별자치도 동해시,2024-08-27
그린정비공업사,강원특별자치도 화천군 화천읍 산수화로 127,38.11564245,127.7131822,033-442-1237,1,09:00~18:00,4311000,강원특별자치도 화천군,2024-09-02
하나1급자동차공업사,강원특별자치도 화천군 사내면 포화로 1119,38.06704154,127.5211704,033-441-1111,2,08:30~17:30,4311000,강원특별자치도 화천군,2024-09-02
주식회사화천정비사업소,강원특별자치도 화천군 화천읍 노신로 67,38.1174493,127.6998941,033-441-4417,1,09:00~18:00,4311000,강원특별자치도 화천군,2024-09-02
오케이자동차,강원특별자치도 화천군 화천읍 산수화로5길 17,38.10963815,127.7084339,033-442-3345,1,09:00~18:00,4311000,강원특별자치도 화천군,2024-09-02
(주)신아주이트럭,경기도 오산시 가장산업서로 23-8,37.1627224,127.0326256,031-377-5055,3,평일:09:00~18:00+토요일:09:00~13:00,4000000,경기도 오산시,2024-01-05
주식회사 이맥스,경기도 평택시 포승읍 포승서로 295,37.009673,126.872840,031-683-5800,,09:00 ~ 18:00,3910000,경기도 평택시,2024-07-30
대진카도크센타,경기도 평택시 탄현로 230(신장동),37.073298,127.055468,031-664-3030,,09:00 ~ 18:00,3910000,경기도 평택시,2024-07-30
(주)평택항 현대서비스,경기도 평택시 포승읍 하만호길 237,36.955358,126.850545,031-682-5803,,09:00 ~ 18:00,3910000,경기도 평택시,2024-07-30
평택자동차검사소,경기도 평택시 삼남로 27-8(칠원동),37.028881,127.098978,031-663-9119,,09:00 ~ 18:00,3910000,경기도 평택시,2024-07-30
㈜쌍용자동차평택정비사업소,경기도 평택시 경기대로 161-9(합정동),36.986347,127.114691,031-657-7007,,09:00 ~ 18:00,3910000,경기도 평택시,2024-07-30
지산모터스,경기도 평택시 지산로 283-6(지산동),37.076879,127.085545,031-662-4972,,09:00 ~ 18:00,3910000,경기도 평택시,2024-07-30
명진모터스,경기도 평택시 오성면 오성산단로 25,37.023860,126.945822,031-681-2277,,09:00 ~ 18:00,3910000,경기도 평택시,2024-07-30
(주)태영자동차,경기도 평택시 도일로 135-6(도일동),37.053441,127.109548,031-611-2171,,09:00 ~ 18:00,3910000,경기도 평택시,2024-07-30
청도자동차공업사,경기도 평택시 경기대로 633(세교동),37.007876,127.077744,031-654-0101,,09:00 ~ 18:00,3910000,경기도 평택시,2024-07-30
1급서평택자동차공업사,경기도 평택시 포승읍 원원정길 15-17,36.995638,126.845845,031-684-0064,,09:00 ~ 18:00,3910000,경기도 평택시,2024-07-30
(주)세교공업사,경기도 평택시 은실5길 92(세교동),37.007980,127.073306,031-651-0331,,09:00 ~ 18:00,3910000,경기도 평택시,2024-07-30
비케이프라임산업㈜,서울특별시 금천구 범안로17길 67,37.46954684,126.8930335,02-858-4729,3,평일:09:00~18:00,3170000,서울특별시 금천구,2024-07-31
금천자동차검사정비센타,서울특별시 금천구 시흥대로27길 26,37.4410019,126.9020668,02-893-5579,3,평일:09:00~18:00,3170000,서울특별시 금천구,2024-07-31
금강자동차정비산업㈜,서울특별시 금천구 시흥대로 453,37.47411029,126.8979273,02-856-7800,4,평일:09:00~18:00,3170000,서울특별시 금천구,2024-07-31
기마자동차검사정비공업사,서울특별시 금천구 두산로3길 4,37.47069774,126.8893278,02-855-0103,3,평일:09:00~18:00,3170000,서울특별시 금천구,2024-07-31
삼천포종합정비㈜,경상남도 사천시 삼천포대교로 577 (좌룡동),34.94919278,128.077581,055-833-7610,5,평일:09:00~18:00,5340000,경상남도 사천시,2024-08-15
평화자동차종합정비,경상남도 사천시 곤양면 구고속도로 1636,35.05301936,127.9591904,055-854-4114,3,평일:09:00~18:00,5340000,경상남도 사천시,2024-08-15
(주)한서종합정비,경상남도 사천시 삼천포대교로 926 (송포동),34.97608597,128.0599176,055-833-0808,4,평일:09:00~18:00,5340000,경상남도 사천시,2024-08-15
정우1급종합정비,경상남도 사천시 삼천포대교로 650 (좌룡동),34.95548143,128.075702,055-835-1177,4,평일:09:00~18:00,5340000,경상남도 사천시,2024-08-15
베스트종합정비,경상남도 사천시 정동면 진삼로 1206,35.06073905,128.0796366,055-852-3322,3,평일:09:00~18:00,5340000,경상남도 사천시,2024-08-15
가야1급종합정비,경상남도 사천시 남일로 155 (향촌동),34.93080165,128.0931463,055-833-4972,3,평일:09:00~18:00,5340000,경상남도 사천시,2024-08-15
(주)사천고객정비,경상남도 사천시 사천읍 사천대로 2013-18,35.094272,128.089013,055-853-8600,3,평일:09:00~18:00,5340000,경상남도 사천시,2024-08-15
중앙자동차1급정비,경상남도 사천시 삼상로 164(향촌동),34.93902147,128.0927966,055-835-8511,3,평일:09:00~18:00,5340000,경상남도 사천시,2024-08-15
현대종합정비,경상남도 사천시 사천읍 구암두문로154-32,35.08789367,128.103525,0507-1492-137,4,평일:09:00~18:00,5340000,경상남도 사천시,2024-08-15
(주)에이스1급정비,경상남도 사천시 사남면 사천대로 1616-14,35.06232895,128.074564,055-855-6262,3,평일:09:00~18:00,5340000,경상남도 사천시,2024-08-15
동성엔대림종합정비,경상남도 사천시 사천읍 항공로 54,35.08124496,128.0765727,055-852-2100,3,평일:09:00~18:00,5340000,경상남도 사천시,2024-08-15
사천자동차종합검사소,경상남도 사천시 구암두문로 154-42,35.08759805,128.104127,055-855-1181,3,평일:09:00~18:00,5340000,경상남도 사천시,2024-08-15
현대정비공장,경상북도 영주시 고현로 51,36.834843,128.617126,054-631-0802,,09:00~18:00,5090000,경상북도 영주시,2024-08-02
(주)인천현대모터스,인천광역시 동구 중봉대로 68(송현동),37.48523552,126.6448882,032-765-5001,,평일:09:00~18:00+토요일:09:00~13:00,6280000,인천광역시,2023-05-31
월드자동차공업(주),인천광역시 동구 봉수대로 95(송림동),37.48456097,126.6595316,032-579-8977,,평일:09:00~18:00+토요일:09:00~13:00,6280000,인천광역시,2023-05-31
쌍용자동차 인천정비사업소(주),인천광역시 동구 방축로 17(송현동),37.48850054,126.6489468,032-584-5520,,평일:09:00~18:00+토요일:09:00~13:00,6280000,인천광역시,2023-05-31
㈜샵모터스,인천광역시 동구 방축로 165(송림동),37.48096038,126.6632728,032-1833-6532,,평일:09:00~18:00+토요일:09:00~13:00,6280000,인천광역시,2023-05-31
북항자동차정비검사소,인천광역시 동구 방축로9번길 57(송현동),37.49027644,126.6501681,032-583-5582,,평일:09:00~18:00+토요일:09:00~13:00,6280000,인천광역시,2023-05-31
(합)세기자동차,인천광역시 미추홀구 아암대로253번길 35 (학익동),37.44109275,126.6354501,032-831-3301,,평일:09:00~18:00+토요일:09:00~13:00,6280000,인천광역시,2023-05-31
(주)인천자동차공업사,인천광역시 미추홀구 아암대로253번길 74(학익동),37.44042637,126.6380615,032-831-8341,,평일:09:00~18:00+토요일:09:00~13:00,6280000,인천광역시,2023-05-31
주안자동차공업사,인천광역시 미추홀구 경인로 294 (도화동),37.46046085,126.6732505,032-867-6394,,평일:09:00~18:00+토요일:09:00~13:00,6280000,인천광역시,2023-05-31
미진자동차공업(주),인천광역시 미추홀구 경원대로 922 (주안동),37.46495129,126.6908323,032-421-0551,,평일:09:00~18:00+토요일:09:00~13:00,6280000,인천광역시,2023-05-31
㈜365모터스,인천광역시 미추홀구 장고개로 30 (도화동),37.47091487,126.6672733,032-868-0365,,평일:09:00~18:00+토요일:09:00~13:00,6280000,인천광역시,2023-05-31
성진자동차공업사,인천광역시 미추홀구 노적산로 21 (학익동),37.44260722,126.652731,032-874-8887,,평일:09:00~18:00+토요일:09:00~13:00,6280000,인천광역시,2023-05-31
송도종합서비스,인천광역시 미추홀구 독배로 183(학익동),37.43723698,126.6469702,032-834-3232,,평일:09:00~18:00+토요일:09:00~13:00,6280000,인천광역시,2023-05-31
㈜송도정비검사소,인천광역시 연수구 아암대로 793 (동춘동),37.39842752,126.6602956,032-831-8272,,평일:09:00~18:00+토요일:09:00~13:00,6280000,인천광역시,2023-05-31
남동서비스기아오토큐㈜,인천광역시 남동구 청능대로 459 (고잔동),37.3994771,126.7108776,032-446-5608,,평일:09:00~18:00+토요일:09:00~13:00,6280000,인천광역시,2023-05-31
1급논현 현대기아모터스,인천광역시 남동구 청능대로468번길 20 (고잔동),37.39805444,126.7105317,032-818-0303,,평일:09:00~18:00+토요일:09:00~13:00,6280000,인천광역시,2023-05-31
아주자동차공업사,인천광역시 남동구 방축로 396 (간석동),37.47157007,126.6862073,032-867-5445,,평일:09:00~18:00+토요일:09:00~13:00,6280000,인천광역시,2023-05-31
카123텍엔지니어링,"인천광역시 남동구 남동서로 202(고잔동, 59B-1L)",37.40771395,126.6924237,032-822-2002,,평일:09:00~18:00+토요일:09:00~13:00,6280000,인천광역시,2023-05-31
임계종합자동차공업사,강원특별자치도 정선군 임계면 서동로 4566-1,37.49418928,128.8509026,033-562-6359,3,평일 09:00~18:00+토요일 09:00~12:00,4291000,강원특별자치도 정선군,2024-05-28
정선우리자동차공업사,강원특별자치도 정선군 정선읍 서동로 1229-1,37.39849362,128.6649165,033-562-8998,3,평일 09:00~18:00+토요일 09:00~12:00,4291000,강원특별자치도 정선군,2024-05-28
경춘자동차공업사,경기도 남양주시 경춘로 1289,37.649497,127.235892,031-594-8100,,평일 09:00~18:00,3990000,경기도 남양주시,2024-11-08
수동현대서비스,경기도 남양주시 수동면 비룡로 544,37.68838879,127.3228783,031-995-9955,,평일 09:00~18:00,3990000,경기도 남양주시,2024-11-08
백봉현대모터스,경기도 남양주시 마치로 49(호평동),37.65414611,127.2575409,031-593-5184,,평일 09:00~18:00,3990000,경기도 남양주시,2024-11-08
(주)호평1급자동차공업사,경기도 남양주시 늘을1로 63-8(호평동),37.65760777,127.238673,031-595-6413,,평일 09:00~18:00,3990000,경기도 남양주시,2024-11-08
(주)평내자동차검사정비사업소,경기도 남양주시 경춘로 1265(평내동),37.64780971,127.2342321,031-595-8276,,평일 09:00~18:00,3990000,경기도 남양주시,2024-11-08
남양주자동차주식회사,경기도 남양주시 금곡로 9(금곡동),37.63365354,127.203922,031-559-8600,,평일 09:00~18:00,3990000,경기도 남양주시,2024-11-08
현대자동차종합정비공업사,경기도 남양주시 와부읍 덕소로 260,37.57848609,127.2245763,031-577-1422,,평일 09:00~18:00,3990000,경기도 남양주시,2024-11-08
(주)사능자동차공업사,경기도 남양주시 진건읍 사릉로 433,37.65722298,127.176494,031-573-2100,,평일 09:00~18:00,3990000,경기도 남양주시,2024-11-08
1급 진건현대공업사,경기도 남양주시 진건읍 독정로 259-5,37.67737452,127.1927834,031-527-0155,,평일 09:00~18:00,3990000,경기도 남양주시,2024-11-08
순창자동차1급공업사,전라북도 순창군 순창읍 강천로 19-6,35.37059059,127.113607,063-653-3343,1,평일:09:00~18:00+토요일:09:00~13:00,4771000,전북특별자치도 순창군,2022-06-15
형제자동차1급정비공업사,전라북도 순창군 인계면 인덕로 159,35.40603515,127.1402456,063-652-7878,1,평일:09:00~18:00+토요일:09:00~13:00,4771000,전북특별자치도 순창군,2022-06-15
대성자동차1급정비공업사,전라북도 순창군 순창읍 담순로 1476,35.3779257,127.1569688,063-653-9951,1,평일:09:00~18:00+토요일:09:00~13:00,4771000,전북특별자치도 순창군,2022-06-15
영화1급자동차공업사,전라북도 순창군 순창읍 옥천로 215-10,35.3917016,127.1390045,063-653-7776,1,평일:09:00~18:00+토요일:09:00~13:00,4771000,전북특별자치도 순창군,2022-06-15
거성자동차공업사,전라남도 신안군 비금면 비금북부길 26,34.75388712,125.9270813,061-275-5269,,평일:09:00~16:00+토요일:09:00~13:00,5010000,전라남도 신안군,2024-06-11
1급신안자동차정비,전라남도 신안군 지도읍 해제지도로 1156,35.05913283,126.219376,061-275-4501,,평일:09:00~18:00+토요일:09:00~13:00,5010000,전라남도 신안군,2024-06-11
초원자동차종합정비,전라남도 신안군 도초면 서남문로 1715-5,34.68926038,125.9651951,061-261-9677,,평일:09:00~18:00+토요일:09:00~13:00,5010000,전라남도 신안군,2024-06-11
한솔공업사,전라남도 신안군 암태면 중부로 1797,34.82695448,126.1133463,061-271-6761,,평일:09:00~18:00+토요일:09:00~13:00,5010000,전라남도 신안군,2024-06-11
(주)신안천사자동차공업사,전라남도 신안군 지도읍 동천길 1099,35.059018,126.240933,061-246-9087,,평일:09:00~18:00+토요일:09:00~13:00,5010000,전라남도 신안군,2024-06-11
사북종합정비공업사,강원특별자치도 정선군 남면 문은단로 137,37.26653283,128.7491593,033-592-2296,3,평일 09:00~18:00+토요일 09:00~12:00,4291000,강원특별자치도 정선군,2024-05-28
(주)미래자동차종합공업사,서울특별시 강서구 양천로49길 7(가양동),37.56909789,126.8406799,02-3661-4141,6,평일:09:00~18:00+토요일:09:00~13:00,3150000,서울특별시 강서구,2023-11-27
오신산업(주),서울특별시 강서구 양천로 462(등촌동),37.56216574,126.8521224,02-3661-3435,4,평일:09:00~18:00+토요일:09:00~13:00,3150000,서울특별시 강서구,2023-11-27
강서현대서비스(주),서울특별시 강서구 남부순환로 223(외발산동),37.54586204,126.8219138,02-2661-0072,5,평일:09:00~18:00+토요일:09:00~13:00,3150000,서울특별시 강서구,2023-11-27
(주)플라잉모터스,서울특별시 강서구 방화대로 22,37.542143,126.817333,02-2667-0453,3,평일:09:00~18:00+토요일:09:00~13:00,3150000,서울특별시 강서구,2023-11-27
(주)신동성자동차,서울특별시 강서구 양천로 528(등촌동),37.55927023,126.8581629,02-3663-4567,5,평일:09:00~18:00+토요일:09:00~13:00,3150000,서울특별시 강서구,2023-11-27
강서자동차,서울특별시 강서구 양천로 372(가양동),37.56710155,126.8433018,02-3663-4569,5,평일:09:00~18:00+토요일:09:00~13:00,3150000,서울특별시 강서구,2023-11-27
문경자동차공업(합),경상북도 문경시 영신로 89(점촌동),36.59309689,128.209221,054-553-6000,1,(평일) 09:00~18:00,5120000,경상북도 문경시,2024-06-30
동화자동차정비공장,"경상북도 문경시 용지마길 11, 201동(윤직동)",36.58237607,128.1949584,054-555-0051,1,(평일) 09:00~18:00,5120000,경상북도 문경시,2024-06-30
신국자동차공업사,경상북도 문경시 모전로 177(모전동),36.5965515,128.1878309,054-552-2118,1,(평일) 09:00~18:00,5120000,경상북도 문경시,2024-06-30
영진자동차정비공장,경상북도 문경시 마성면 새재로 182-7,36.71475544,128.1216378,054-550-6203,1,(평일) 09:00~18:00,5120000,경상북도 문경시,2024-06-30
㈜세일,경상북도 문경시 신기공단2길 5(신기동),36.63610695,128.1721301,054-554-1422,1,(평일) 09:00~18:00,5120000,경상북도 문경시,2024-06-30
영강자동차검사정비,경상북도 문경시 윤직동2길 3,36.58665006,128.199098,054-553-7233,1,(평일) 09:00~18:00,5120000,경상북도 문경시,2024-06-30
현대종합정비공장,경상북도 문경시 영순면 영순로 130(영순면),36.58266728,128.2238308,054-554-3008,1,(평일) 09:00~18:00,5120000,경상북도 문경시,2024-06-30
현대1급자동차공업사,전북특별자치도 남원시 춘향로 162-8,35.4269171,127.3881702,063-626-9933,3,평일09:00~1800+토요일09:00~13:00,4701000,전북특별자치도 남원시,2024-08-16
춘향자동차공업사,전북특별자치도 남원시 박달길 7,35.43406878,127.3789648,063-626-5114,2,평일09:00~1800+토요일09:00~13:00,4701000,전북특별자치도 남원시,2024-08-16
명신자동차공업사,전북특별자치도 남원시 충정로 260-1,35.42398871,127.397817,063-626-0701,1,평일09:00~1800+토요일09:00~13:00,4701000,전북특별자치도 남원시,2024-08-16
대한자동차정비업사,전북특별자치도 남원시 쑥고개로 62,35.39670462,127.3814204,063-625-8277,2,평일09:00~1800+토요일09:00~13:00,4701000,전북특별자치도 남원시,2024-08-16
동아공업사,전북특별자치도 남원시 아영면 인월장터로 235,35.47935557,127.5916072,063-636-5005,1,평일09:00~1800+토요일09:00~13:00,4701000,전북특별자치도 남원시,2024-08-16
(주)대성특장,충청남도 부여군 석성면 왕릉로 783,36.24782843,127.00857002,041-836-2848,2,09:00~18:00,4570000,충청남도 부여군,2024-08-31
부여자동차공업사,충청남도 부여군 부여읍 신기정로 72-9,36.26581813,126.90837100,041-835-1918,2,08:30~17:30,4570000,충청남도 부여군,2024-08-31
대명자동차정비공장,경상북도 영주시 구성로88번길 10-3,36.80179836,128.6325239,054-635-5588,,09:00~17:20,5090000,경상북도 영주시,2024-08-02
영주종합정비공장,경상북도 영주시 구성로88번길 172,36.80876404,128.635848,054-634-2800,,08:30~17:30,5090000,경상북도 영주시,2024-08-02
풍기자동차정비공장,경상북도 영주시 봉현면 신재로 833,36.86176769,128.5314764,054-636-3399,,08:30~17:30,5090000,경상북도 영주시,2024-08-02
경북자동차검사정비공장,경상북도 영주시 중앙로 29,36.82013102,128.6198737,054-631-1155,,09:00~17:30,5090000,경상북도 영주시,2024-08-02
영풍자동차정비공장,경상북도 영주시 봉현면 풍기로 7,36.86606734,128.5224715,054-636-4545,,08:30~18:00,5090000,경상북도 영주시,2024-08-02
부강자동차공업사,제주특별자치도 서귀포시 성산읍 서성일로 904,33.43862162,126.8765186,064-782-0404,,(평일)08:30~17:30,6520000,제주특별자치도 서귀포시,2023-10-31
㈜흥진자동차공업사,제주특별자치도 서귀포시 남원읍 태위로 95-1,33.27528293,126.6576939,064-764-6700,,(평일)08:30~17:30+(점심시간)12:30~13:30,6520000,제주특별자치도 서귀포시,2023-10-31
성산자동차공업사,제주특별자치도 서귀포시 성산읍 일주동로 3965,33.47204402,126.9024955,064-784-2580,,(평일)08:30~17:30,6520000,제주특별자치도 서귀포시,2023-10-31
㈜연초자동차종합정비공장,경상남도 거제시 연초면 방곡길 3,34.9105631,128.661736,055-636-2600,1,(평일)09:00~18:00,5370000,경상남도 거제시,2024-08-23
사곡자동차정비,경상남도 거제시 사등면 거제대로 5288,34.90033505,128.5628376,055-636-8777,1,(평일)09:00~18:01,5370000,경상남도 거제시,2024-08-23
옥포종합정비,경상남도 거제시 옥포로12길 18(옥포동),34.89210255,128.6930095,055-687-3377,1,(평일)09:00~18:02,5370000,경상남도 거제시,2024-08-23
송정종합정비,경상남도 거제시 연초면 거제대로 4106,34.91405512,128.6704649,055-636-0566,1,(평일)09:00~18:03,5370000,경상남도 거제시,2024-08-23
1급아주종합정비공업사,경상남도 거제시 용소1길 37(아주동),34.8749714,128.6880087,055-681-8577,1,(평일)09:00~18:04,5370000,경상남도 거제시,2024-08-23
(주)고현자동차검사정비,경상남도 거제시 거제대로 4903,34.8886980677,128.6020561161,055-638-1888,1,(평일)09:00~18:05,5370000,경상남도 거제시,2024-08-23
㈜해남정비공업사,경상남도 거제시 고현로 109(고현동),34.88781858,128.6244441,055-635-2222,1,(평일)09:00~18:06,5370000,경상남도 거제시,2024-08-23
거제현대서비스,경상남도 거제시 연초면 연하해안로 316,34.90396675,128.6238772,055-637-9200,1,(평일)09:00~18:07,5370000,경상남도 거제시,2024-08-23
상동자동차정비 연초점,경상남도 거제시 연초면 거제북로 78,34.91738256,128.6559467,055-638-1515,1,(평일)09:00~18:08,5370000,경상남도 거제시,2024-08-23
남원자동차공업사,제주특별자치도 서귀포시 남원읍 태위로723번길 30-24,33.28400286,126.7235923,064-764-1177,,(평일)08:30~17:30,6520000,제주특별자치도 서귀포시,2023-10-31
1급상용종합자동차,제주특별자치도 서귀포시 토평공단로127번길 47(토평동),33.29015113,126.5792568,064-733-5574,,(평일)08:30~17:30+(토요일)09:00~12:00,6520000,제주특별자치도 서귀포시,2023-10-31
도원자동차공업사,제주특별자치도 서귀포시 토평공단로139번길 11-1(토평동),33.29281652,126.581688,064-732-1792,,(평일)08:30~17:30,6520000,제주특별자치도 서귀포시,2023-10-31
챔피언모터스,제주특별자치도 서귀포시 안덕면 중산간서로 1894,33.28971443,126.3208466,064-792-6363,,(평일)08:30~18:00+(토요일)08:30~12:30,6520000,제주특별자치도 서귀포시,2023-10-31
(주)신화자동차공업사,제주특별자치도 서귀포시 안덕면 한창로 157,33.27599336,126.3611564,064-794-5888,,(평일)09:00~18:00,6520000,제주특별자치도 서귀포시,2023-10-31
신서귀자동차공업사,제주특별자치도 서귀포시 신서로48번길 39(법환동),33.25343462,126.5093357,064-739-0982,,"(평일)08:30~17:30+(공휴일, 임시휴일)휴무",6520000,제주특별자치도 서귀포시,2023-10-31
서수원서비스기아오토큐 주식회사,경기도 수원시 권선구 매송고색로 779(고색동),37.25344709,126.9894893,031-291-8585,5,평일: 09:00~18:00+토요일: 09:00~13:00,3740000,경기도 수원시,2024-08-21
수원자동차검사정비㈜,경기도 수원시 권선구 매송고색로 828-19(평동),37.254446,126.9954903,031-295-5566,3,평일: 09:00~18:00+토요일: 09:00~13:00,3740000,경기도 수원시,2024-08-21
(주)하나자동차정비공업사,경기도 수원시 영통구 매영로 252(원천동),37.25873184,127.0644428,031-217-4116,4,평일: 09:00~18:00+토요일: 09:00~13:00,3740000,경기도 수원시,2024-08-21
일주자동차정비공업사,경기도 수원시 권선구 매송고색로 858(평동),37.25704437,126.9963913,031-296-1919,4,평일: 09:00~18:00+토요일: 09:00~13:00,3740000,경기도 수원시,2024-08-21
(주)현대북수원서비스,경기도 수원시 장안구 천천로 106(천천동),37.30096242,126.9836714,031-207-0070,4,평일: 09:00~18:00+토요일: 09:00~13:00,3740000,경기도 수원시,2024-08-21
에이스오토피아,경기도 수원시 영통구 신원로 56(신동),37.24810125,127.047689,031-204-5594,4,평일: 09:00~18:00+토요일: 09:00~13:00,3740000,경기도 수원시,2024-08-21
(주)아크로모터스,경기도 수원시 영통구 삼성로 26(신동),37.24736309,127.0488308,031-205-1414,4,평일: 09:00~18:00+토요일: 09:00~13:00,3740000,경기도 수원시,2024-08-21
(주)현대효성자동차공업,경기도 수원시 장안구 경수대로 1196-12(파장동),37.31719614,126.9895884,031-252-9908,3,평일: 09:00~18:00+토요일: 09:00~13:00,3740000,경기도 수원시,2024-08-21
남부자동차서비스,경기도 수원시 영통구 영통로 173(망포동),37.24293964,127.054404,031-205-5005,2,평일: 09:00~18:00+토요일: 09:00~13:00,3740000,경기도 수원시,2024-08-21
㈜주왕,경기도 수원시 영통구 덕영대로 1727(영통동),37.2482551,127.0802822,031-205-0049,4,평일: 09:00~18:00+토요일: 09:00~13:00,3740000,경기도 수원시,2024-08-21
서수원자동차공업사(주),경기도 수원시 권선구 매송고색로503번길 2(오목천동),37.24506737,126.9604797,031-297-8282,3,평일: 09:00~18:00+토요일: 09:00~13:00,3740000,경기도 수원시,2024-08-21
오토드림,경기도 수원시 권선구 매송고색로 490(오목천동),37.24313915,126.9594421,031-293-0244,3,평일: 09:00~18:00+토요일: 09:00~13:00,3740000,경기도 수원시,2024-08-21
㈜엘리트자동차공업사,경기도 수원시 영통구 중부대로448번길 33(원천동),37.26808041,127.0626204,031-215-0993,4,평일: 09:00~18:00+토요일: 09:00~13:00,3740000,경기도 수원시,2024-08-21
㈜마이스터자동차정비공장,경기도 수원시 권선구 산업로 10(오목천동),37.23426815,126.9692708,031-294-1239,3,평일: 09:00~18:00+토요일: 09:00~13:00,3740000,경기도 수원시,2024-08-21
(주)신대영자동차1급정비업체,경기도 수원시 영통구 중부대로448번길 77(원천동),37.26697927,127.0610259,031-216-8633,3,평일: 09:00~18:00+토요일: 09:00~13:00,3740000,경기도 수원시,2024-08-21
대성자동차공업사,경기도 수원시 영통구 신원로 196(매탄동),37.25332279,127.0606993,031-205-1865,3,평일: 09:00~18:00+토요일: 09:00~13:00,3740000,경기도 수원시,2024-08-21
퍼스트오토,경기도 수원시 권선구 평동로 52-30(고색동),37.25492235,126.9916128,031-278-6561,4,평일: 09:00~18:00+토요일: 09:00~13:00,3740000,경기도 수원시,2024-08-21
한국지엠서인천서비스센터(주),인천광역시 서구 건지로 45-42 (석남동),37.5025735,126.6471699,032-770-9966,,평일:09:00~18:00+토요일:09:00~13:00,6280000,인천광역시,2023-05-31
하나모터스,인천광역시 서구 파랑로 132(원창동),37.5131595,126.6271549,032-576-8272,,평일:09:00~18:00+토요일:09:00~13:00,6280000,인천광역시,2023-05-31
대경자동차정비공업사,인천광역시 서구 봉수대로 501번길 58-12(원창동),37.52131318,126.6561706,032-582-5656,,평일:09:00~18:00+토요일:09:00~13:00,6280000,인천광역시,2023-05-31
아트샵모터스㈜,인천광역시 서구 백범로 706(가좌동),37.48296786,126.6791875,032-581-9035,,평일:09:00~18:00+토요일:09:00~13:00,6280000,인천광역시,2023-05-31
(주)선두자동차,인천광역시 강화군 선원면 중앙로 148 (선원면),37.73042887,126.4889546,032-934-7785,,평일:09:00~18:00+토요일:09:00~13:00,6280000,인천광역시,2023-05-31
남도자동차공업사,인천광역시 강화군 선원면 중앙로 222 (선원면),37.72612703,126.4842563,032-933-9338,,평일:09:00~18:00+토요일:09:00~13:00,6280000,인천광역시,2023-05-31
대진자동차공업사,인천광역시 강화군 선원면 중앙로 374 (선원면),37.7171501,126.4715182,032-934-3992,,평일:09:00~18:00+토요일:09:00~13:00,6280000,인천광역시,2023-05-31
강화모터스,인천광역시 강화군 양도면 중앙로 1052번길 4(양도면),37.69986214,126.4058657,032-937-3840,,평일:09:00~18:00+토요일:09:00~13:00,6280000,인천광역시,2023-05-31
백령1급 자동차정비공업사,인천광역시 옹진군 백령면 백령로 382 (백령면),37.97424839,124.7066609,032-836-3238,,평일:09:00~18:00+토요일:09:00~13:00,6280000,인천광역시,2023-05-31
태극모터스,인천광역시 옹진군 백령면 백령로 855 (백령면),37.95793409,124.6637351,032-836-5800,,평일:09:00~18:00+토요일:09:00~13:00,6280000,인천광역시,2023-05-31
㈜신동부종합정비,경상북도 포항시 남구 연일읍 형산강남로436번길 13,35.99966537,129.3612839,054-286-6688,,평일 09:00~18:00+토요일 09:00~12:00,5020000,경상북도 포항시,2024-06-17
동아종합자동차정비,경상북도 포항시 북구 흥해읍 초곡길 107,36.08394908,129.331292,054-262-2626,,평일 09:00~18:00+토요일 09:00~12:00,5020000,경상북도 포항시,2024-06-17
㈜포항현대상용서비스,경상북도 포항시 남구 호동로 122(호동),35.9900075901,129.3849157089,054-285-8080,,평일 09:00~18:00+토요일 09:00~12:00,5020000,경상북도 포항시,2024-06-17
흥일자동차정비,경상북도 포항시 남구 희망대로 917(해도동),36.0136096143,129.3718990967,054-283-6199,,평일 09:00~18:00+토요일 09:00~12:00,5020000,경상북도 포항시,2024-06-17
㈜인동티에스,경상북도 포항시 남구 대송면 철강산단로34번길 28(대송면),35.9556980332,129.3676730403,054-286-3838,,평일 09:00~18:00+토요일 09:00~12:00,5020000,경상북도 포항시,2024-06-17
광진공업사,전북특별자치도 고창군 고창읍 보릿골로 128,35.43685142,126.6961067,063-564-2723,2,평일:08:30~18:00+토요일:08:30~12:00,4781000,전북특별자치도 고창군,2024-06-26
고창자동차공업사,전북특별자치도 고창군 신림면 고인돌대로 2051-7,35.46153088,126.6970724,063-564-2600,1,평일:08:30~17:30+토요일:08:30~12:00,4781000,전북특별자치도 고창군,2024-06-26
고창우리자동차공업사,전북특별자치도 고창군 고창읍 덕산길 59,35.4297324,126.6892396,063-564-5511,1,평일:09:00~17:30,4781000,전북특별자치도 고창군,2024-06-26
서부현대서비스,전북특별자치도 고창군 고창읍 고인돌대로 1636-6,35.42575972,126.6928883,063-562-7993,1,평일:09:00~18:00,4781000,전북특별자치도 고창군,2024-06-26
(주)1급 현대신광서비스,경기도 하남시 신장1로 5,37.53694609,127.2087947,031-793-5550,,(평일) 09:00~18:00,4040000,경기도 하남시,2024-06-28
(주)현대하남서비스,경기도 하남시 신장동로140번길 46,37.54327996,127.220237,031-794-9000,,(평일) 08:30~18:00,4040000,경기도 하남시,2024-06-28
(주)하남자동차서비스,경기도 하남시 하남대로 801,37.54076052,127.2082557,031-791-4287,,(평일) 08:30~18:00,4040000,경기도 하남시,2024-06-28
하남종합서비스 기아오토큐(주),경기도 하남시 하남대로802번길 5-6,37.5415464,127.2084973,031-796-2601,,(평일) 08:30~18:00,4040000,경기도 하남시,2024-06-28
미사 나룰 모터스,경기도 하남시 덕풍북로 192,37.55251608,127.2094441,031-796-5006,,(평일) 08:30~18:00,4040000,경기도 하남시,2024-06-28
디엠모터스,경기도 하남시 초광산단동로6번길 8,37.52806365,127.1727212,02-426-4227,,(평일) 09:00~19:00,4040000,경기도 하남시,2024-06-28
태극모터스,인천광역시 옹진군 백령면 백령로 857,37.95764103,124.663556,032-836-5800,1,08:30~17:30,3580000,인천광역시 옹진군,2024-06-14
남해자동차종합정비,경상남도 남해군 고현면 질개로 180,34.8825818127,127.8843603751,055-862-2693,4,평일(09:00~18:00),5430000,경상남도 남해군,2024-06-18
주식회사 남도공업사,경상남도 남해군 남해읍 남해대로 2602-10,34.8261019280,127.9121387,055-863-3511,5,평일(09:00~18:00),5430000,경상남도 남해군,2024-06-18
주식회사 남해1급 정비검사소,경상남도 남해군 남해읍 강진만로 9-16,34.8303777655,127.9100747072,055-864-3333,5,평일(09:00~18:00),5430000,경상남도 남해군,2024-06-18
21세기 공업사,강원특별자치도 삼척시 오분길 7,37.4284983,129.1856361,033-574-2155,1,09:00~18:00,4241000,강원특별자치도 삼척시,2024-06-17
1급 우주공업사,강원특별자치도 삼척시 동해대로 4174-11,37.45388472,129.1777368,033-574-9292,2,09:00~18:00,4241000,강원특별자치도 삼척시,2024-06-17
원덕자동차정비공업사,강원특별자치도 삼척시 원덕읍 옥원이천로 48,37.18264517,129.3275609,033-575-0641,1,09:00~18:00,4241000,강원특별자치도 삼척시,2024-06-17
㈜전국자동차정비,경기도 수원시 영통구 신원로 210(매탄동),37.2541198,127.0604567,031-7770-2578,4,평일: 09:00~18:00+토요일: 09:00~13:00,3740000,경기도 수원시,2024-08-21
㈜홍보(장안자동차공업사),경기도 수원시 장안구 송정로 75(송죽동),37.29624153,127.0055949,031-255-2223,4,평일: 09:00~18:00+토요일: 09:00~13:00,3740000,경기도 수원시,2024-08-21
(주)가온기획,경기도 수원시 권선구 서수원로75번길 70-13(오목천동),37.23403504,126.972897,031-278-7942,3,평일: 09:00~18:00+토요일: 09:00~13:00,3740000,경기도 수원시,2024-08-21
㈜수원클린모터스,경기도 수원시 장안구 경수대로 1131(이목동),37.31191181,126.9891997,031-269-1233,3,평일: 09:00~18:00+토요일: 09:00~13:00,3740000,경기도 수원시,2024-08-21
㈜유일공업사,강원특별자치도 강릉시 강변로534번길 55,37.76636694,128.9226528,033-652-9006,1,평일:08:00~17:00,4201000,강원특별자치도 강릉시,2024-08-21
㈜현대자동차강남정비센타,강원특별자치도 강릉시 성덕로 126,37.7643397,128.9385967,033-653-5571,1,평일:08:30~17:30,4201000,강원특별자치도 강릉시,2024-08-21
㈜대동정비,경상남도 진주시 도동로 154,35.183883,128.122784,055-752-1121,1,평일08:30~17:30,5310000,경상남도 진주시,2024-11-11
말티자동차종합검사소,경상남도 진주시 진산로 206,35.20539417,128.1038791,055-761-6663,1,평일08:30~17:30+토요일08:30~12:00,5310000,경상남도 진주시,2024-11-11
경대정비,경상남도 진주시 내동면 내동로 152,35.15462917,128.0835827,055-762-3636,1,평일08:20~17:20+토요일08:20~12:20,5310000,경상남도 진주시,2024-11-11
내동자동차종합검사소,경상남도 진주시 내동면 산유로 613-2,35.15618682,128.0654338590,055-744-0909,1,평일08:30~17:30+토요일08:30~12:30,5310000,경상남도 진주시,2024-11-11
㈜진주현대종합정비,경상남도 진주시 내동면 내동로 110,35.154713,128.079252,055-756-2345,1,평일08:30~17:30+토요일08:00~12:30,5310000,경상남도 진주시,2024-11-11
진주자동차종합검사소,경상남도 진주시 내동면 내동로 114,35.15465279,128.079779,055-756-8800,1,평일08:30~17:30+토요일08:00~12:30,5310000,경상남도 진주시,2024-11-11
㈜남진주현대서비스,경상남도 진주시 정촌면 연꽃로 60,35.1176377241,128.0983140414,055-762-5000,1,평일09:00~18:00+토요일09:00~12:30,5310000,경상남도 진주시,2024-11-11
르노코리아자동차지정정비센타진접정비,경기도 남양주시 진접읍 금강로유연들1길 82,37.70874897,127.1765842,031-574-3636,,평일 09:00~18:00,3990000,경기도 남양주시,2024-11-08
장현자동차공업사,경기도 남양주시 진접읍 양진로 1010,37.70827467,127.183564,031-529-5300,,평일 09:00~18:00,3990000,경기도 남양주시,2024-11-08
드림자동차공업사,경기도 남양주시 오남읍 양지로319번길 12,37.70208841,127.1903226,031-528-4777,,평일 09:00~18:00,3990000,경기도 남양주시,2024-11-08
(주)1급진접현대자동차공업사,경기도 남양주시 진접읍 경복대로 451,37.73570469,127.2138913,031-529-7890,,평일 09:00~18:00,3990000,경기도 남양주시,2024-11-08
㈜경기자동차,경기도 남양주시 진접읍 금강로 1943-11,37.75491294,127.2167022,031-528-0770,,평일 09:00~18:00,3990000,경기도 남양주시,2024-11-08
남양자동차공업사,경기도 남양주시 진접읍 진벌로51번길 89,37.74898117,127.2195725,031-572-7878,,평일 09:00~18:00,3990000,경기도 남양주시,2024-11-08
조은자동차서비스,경기도 남양주시 화도읍 폭포로 25,37.6487648683,127.3079348813,031-511-0911,,평일 09:00~18:00,3990000,경기도 남양주시,2024-11-08
(주)양평현대모터스,경기도 양평군 양평읍 양근로 367,37.47965724,127.504971,031-775-0020,,평일(09:00~18:00),4170000,경기도 양평군,2023-12-31
용문신화자동차공업사,경기도 양평군 용문면 소일길 31,37.50899281,127.6193923,031-775-5421,,평일(09:00~18:00),4170000,경기도 양평군,2023-12-31
현대동부모터스,경기도 양평군 양평읍 백운길 87,37.49896637,127.508896,031-773-4972,,평일(09:00~18:00),4170000,경기도 양평군,2023-12-31
신풍자동차공업사,경기도 양평군 용문면 그릇고갯길 111,37.48545625,127.6105682,031-771-5877,,평일(09:00~18:00),4170000,경기도 양평군,2023-12-31
송제자동차공업사,경기도 양평군 지평면 지평로 93,37.49978331,127.6327565,031-772-2003,,평일(09:00~18:00),4170000,경기도 양평군,2023-12-31
주식회사 양평1급종합자동차정비사업소,경기도 양평군 단월면 경강로 3703,37.52219018,127.6636064,031-771-6663,,평일(09:00~18:00),4170000,경기도 양평군,2023-12-31
대림자동차정비서비스(유),"경기도 성남시 수정구 사송로77번길 68(사송동, 70, 72)",37.409345,127.114304,031-723-8208,4,09:00~18:00,3780000,경기도 성남시,2024-09-11
(주)일급신분당검사정비사업소,경기도 성남시 분당구 이매로 118(이매동),37.392113,127.132446,031-708-4972,4,09:00~18:00,3780000,경기도 성남시,2024-09-11
(주)현대자동차검사정비사업소,경기도 성남시 분당구 대왕판교로 277(궁내동),37.368234,127.100925,031-726-7890,4,09:00~18:00,3780000,경기도 성남시,2024-09-11
평화정비,경상북도 예천군 예천읍 충효로 372,36.65525031,128.4626046,054-655-4444,4,평일:09:00~18:00+토요일:09:00~13:00,5230000,경상북도 예천군,2024-09-06
예천자동차공업사,경상북도 예천군 예천읍 충효로 89,36.64568787,128.4353907,054-652-3595,6,평일:09:00~18:00+토요일:09:00~13:00,5230000,경상북도 예천군,2024-09-06
양궁종합정비공업사,경상북도 예천군 예천읍 양궁로 226,36.63721825,128.472241,054-653-0909,10,평일:09:00~18:00+토요일:09:00~13:00,5230000,경상북도 예천군,2024-09-06
라오닐,경상북도 예천군 예천읍 도립대학길 114,36.64372796,128.4546357,054-650-0157,0,평일:09:00~18:00,5230000,경상북도 예천군,2024-09-06
통명1급자동차정비공장,경상북도 예천군 예천읍 보문로 185-1,36.66049065,128.483505,054-655-4474,4,평일:09:00~18:00+토요일:09:00~13:00,5230000,경상북도 예천군,2024-09-06
현대공업사,충청남도 부여군 규암면 흥수로 860,36.27370314,126.8763910,041-836-0107,3,09:00~17:30,4570000,충청남도 부여군,2024-08-31
대원종합모터스,충청남도 부여군 규암면 반산로 8,36.27505254,126.8737757,041-835-2810,3,08:30~17:30,4570000,충청남도 부여군,2024-08-31
대명공업사,충청남도 부여군 규암면 흥수로 786-4,36.27191562,126.8674768,041-835-5401,6,08.30~17:30,4570000,충청남도 부여군,2024-08-31
동해자동차검사소,강원특별자치도 동해시 강원남부로4772 (단봉동),37.47503636,129.1195303,033-521-6303,,(평일)09:00~18:00+(토요일)09:00~13:00,B553881,한국교통안전공단,2024-01-26
목포자동차검사소,전라남도 목포시 옥암로153 (상동),34.8119407,126.422788,061-283-5004,,(평일)09:00~18:00+(토요일)09:00~13:00,B553881,한국교통안전공단,2024-01-26
문경자동차검사소,경상북도 문경시 영신로81 (점촌동),36.5931775,128.2084966,054-552-2820,,(평일)09:00~18:00+(토요일)09:00~13:00,B553881,한국교통안전공단,2024-01-26
부천자동차검사소,경기도 부천시 오정구 오정로42 (삼정동),37.52459327,126.765054,032-674-5000,,(평일)09:00~18:00+(토요일)09:00~13:00,B553881,한국교통안전공단,2024-01-26
북광주자동차검사소,광주광역시 광산구 사암로877 (도천동),35.21834001,126.8251083,062-962-0990,,(평일)09:00~18:00+(토요일)09:00~13:00,B553881,한국교통안전공단,2024-01-26
사하자동차검사소,부산광역시 사하구 을숙도대로631 (신평동),35.08608501,128.9747313,051-204-9536,,(평일)09:00~18:00+(토요일)09:00~13:00,B553881,한국교통안전공단,2024-01-26
상암자동차검사소,서울특별시 마포구 구룡길 15 (상암동),37.5864923,126.8840896,02-309-7033,,(평일)09:00~18:00+(토요일)09:00~13:00,B553881,한국교통안전공단,2024-01-26
서수원자동차검사소,경기도 수원시 권선구 수인로24 (서둔동),37.27062857,126.9961599,031-293-9339,,(평일)09:00~18:00+(토요일)09:00~13:00,B553881,한국교통안전공단,2024-01-26
서인천자동차검사소,인천광역시 서구 중봉대로218 (가좌동),37.4985463,126.648561,032-579-7811,,(평일)09:00~18:00+(토요일)09:00~13:00,B553881,한국교통안전공단,2024-01-26
성남자동차검사소,경기도 성남시 중원구 사기막골로148길 8 (상대원동),37.4410537,127.1783702,031-747-9467,,(평일)09:00~18:00+(토요일)09:00~13:00,B553881,한국교통안전공단,2024-01-26
성동자동차검사소,서울특별시 성동구 가람길 117 (송정동),37.55260324,127.0578565,02-2244-2556,,(평일)09:00~18:00+(토요일)09:00~13:00,B553881,한국교통안전공단,2024-01-26
성산자동차검사소,서울특별시 마포구 월드컵로220 (성산동),37.5673389,126.9006703,02-306-5986,,(평일)09:00~18:00+(토요일)09:00~13:00,B553881,한국교통안전공단,2024-01-26
세종자동차검사소,세종특별자치시 종합운동장로 11-5 (대평동),36.46750007,127.2671513,044-868-0515,,(평일)09:00~18:00+(토요일)09:00~13:00,B553881,한국교통안전공단,2024-01-26
수성자동차검사소,대구광역시 수성구 노변로33 (노변동),35.83430845,128.6990104,053-791-6039,,(평일)09:00~18:00+(토요일)09:00~13:00,B553881,한국교통안전공단,2024-01-26
수원자동차검사소,경기도 수원시 영통구 신원로240 (매탄동),37.25691567,127.0602239,031-211-2414,,(평일)09:00~18:00+(토요일)09:00~13:00,B553881,한국교통안전공단,2024-01-26
화신공업사,경상남도 함양군 함양읍 용평3길 8,35.5206649020,127.7315013437,055-963-2120,1,평일:9:00~17:30,5460000,경상남도 함양군,2024-07-15
함양1급자동차정비공장,경상남도 함양군 함양읍 이은농공길 12,35.510601,127.7276221206,055-963-8855,1,평일:9:00~18:00,5460000,경상남도 함양군,2024-07-15
함양제일1급정비,경상남도 함양군 함양읍 고운로 476-19,35.5257541150,127.7714489731,055-964-2056,1,평일:8:30~17:30,5460000,경상남도 함양군,2024-07-15
1급 무주자동차공업사,전북특별자치도 무주군 무주읍 무금로 200,35.98776703,127.6310214,063-322-1212,1,08:30~17:00,4741000,전북특별자치도 무주군,2024-07-19
삼성자동차공업사,전북특별자치도 무주군 적상면 서창로 28,35.95105047,127.664695,063-324-0090,1,09:00~17:00,4741000,전북특별자치도 무주군,2024-07-19
동군포현대서비스㈜,경기도 군포시 당정로 28번길 30,37.35267727,126.9583061,031-458-0196,3,평일:09:00~18:00+토요일:09:00~13:00,4020000,경기도 군포시,2024-10-16
OK자동차1급정비공장,경기도 군포시 공단로 111,37.35535216,126.949112,031-451-7585,5,평일:09:00~18:00+토요일:09:00~13:00,4020000,경기도 군포시,2024-10-16
㈜삼손종합정비,경기도 군포시 농심로 87,37.36520019,126.957511,031-455-8222,4,평일:09:00~18:00+토요일:09:00~13:00,4020000,경기도 군포시,2024-10-16
공단써비스센타,서울특별시 구로구 구로동로 2,37.48215178,126.887403,02-852-1233,4,평일:08:30~18:00+토요일:08:30~13:00,3160000,서울특별시 구로구,2024-10-14
삼부자동차정비㈜,서울특별시 구로구 경인로51길 104,37.503541,126.873731,02-2634-0313,3,평일:08:30~18:00+토요일:08:30~13:00,3160000,서울특별시 구로구,2024-10-14
케이지모빌리티 구로서비스센터 주식회사,서울특별시 구로구 가마산로27길 46,37.4989794062,126.8909212468,02-866-5582,3,평일:08:30~18:00+토요일:08:30~13:00,3160000,서울특별시 구로구,2024-10-14
유)여수자동차공업사,전라남도 여수시 좌수영로 422,34.7668647,127.7030077,061-653-1115,2,08:30-17:30,4810000,전라남도 여수시,2023-07-06
유)신여천자동차공업사,전라남도 여수시 여수산단로327,34.8115555,127.670452,061-685-5773,3,08:30-17:30,4810000,전라남도 여수시,2023-07-06
유)동성자동차공업사,전라남도 여수시 연등8길 23,34.7563185,127.7228487,061-663-2222,3,08:30-17:30,4810000,전라남도 여수시,2023-07-06
부영선진자동차공업사(주),전라남도 여수시 국동남7길 10,34.7310231,127.7215837,061-643-3000,2,(평일)08:00-17:30+(토)09:00-12:00,4810000,전라남도 여수시,2023-07-06
여수현대정비서비스㈜,전라남도 여수시 산단중앙로67,34.82666413,127.6451452,061-692-7575,2,08:00-17:30,4810000,전라남도 여수시,2023-07-06
남여수종합서비스기아오토큐㈜,전라남도 여수시 소라면 소호관기로 143,34.7382471,127.6328233,061-692-8285,2,09:00-18:00,4810000,전라남도 여수시,2023-07-06
그린웨이 자동차공업사,전라남도 여수시 봉계4길 7,34.7846604,127.6637815,061-682-8113,3,08:30-17:00,4810000,전라남도 여수시,2023-07-06
GM대우여수정비소,전라남도 여수시 주삼덕양로 199,34.79080709,127.6527434,061-685-8155,3,09:00-18:00,4810000,전라남도 여수시,2023-07-06
구백자동차공업사,전라남도 여수시 삼동로 101,34.80010123,127.6615809,061-683-5277,3,08:30-18:00,4810000,전라남도 여수시,2023-07-06
둔덕오름자동차공업사,전라남도 여수시 좌수영로 644,34.7810352,127.6961653,061-653-5600,3,08:00-17:30,4810000,전라남도 여수시,2023-07-06
여수종합검사소오토엠,전라남도 여수시 신월로 8길48,34.72798391,127.6981109,061-653-5192,2,08:30-18:00,4810000,전라남도 여수시,2023-07-06
강진종합정비,전라남도 광양시 백운로 955-8(성황동),34.94843878,127.6774034,061-795-1752,2,평일:09:00~18:00,4840000,전라남도 광양시,2024-06-03
우리자동차공업사,전라남도 광양시 삼봉산로 11(태인동),34.935361,127.745904,061-791-6666,3,평일:09:00~18:00,4840000,전라남도 광양시,2024-06-03
제일자동차공업사,전라남도 광양시 광양읍 순광로 379,34.96596966,127.5598375,061-762-6807,2,평일:09:00~18:00,4840000,전라남도 광양시,2024-06-03
신안자동차공업사,전라남도 광양시 광양읍 해광로 884,34.963809,127.5823895,061-763-7777,3,평일:08:30~18:00,4840000,전라남도 광양시,2024-06-03
투투정비옥과1급자동차정비,전라남도 곡성군 오산면 오산로 975,35.26590618,127.1214319,061-363-0357,2,평일:09:00~18:00,4860000,전라남도 곡성군,2024-06-12
동부자동차공업사,경기도 여주시 가남읍 경충대로 1548,37.21941512,127.5284219,031-882-6213,2,09:00~18:00,5700000,경기도 여주시,2024-06-01
세종모터스(주),경기도 여주시 세종로113번길 55,37.28541401,127.638803,031-885-6699,2,09:00~18:00,5700000,경기도 여주시,2024-06-01
오학자동차,경기도 여주시 도예로 77,37.30971191,127.6429566,031-885-1901,2,09:00~18:00,5700000,경기도 여주시,2024-06-01
베드로자동차공업사,경기도 여주시 가남읍 여주남로 1049,37.21636095,127.5570163,031-881-4787,2,09:00~18:00,5700000,경기도 여주시,2024-06-01
주식회사 대광현대서비스,경기도 여주시 가남읍 여주남로 755,37.2341572,127.5746195,031-881-1079,2,09:00~18:00,5700000,경기도 여주시,2024-06-01
주식회사 여주현대공업사,경기도 여주시 여주남로 16,37.28586668,127.6173406,031-882-8900,2,09:00~18:00,5700000,경기도 여주시,2024-06-01
주식회사 능서자동차일급정비종합검사,경기도 여주시 세종대왕면 능여로 22,37.27559705,127.5642094,031-884-6300,2,09:00~18:00,5700000,경기도 여주시,2024-06-01
1급가남검사정비,경기도 여주시 가남읍 여주남로 1205,37.20324009,127.5520365,0507-1338-116,2,09:00~18:00,5700000,경기도 여주시,2024-06-01
경기자동차주식회사,경기도 여주시 세종로 304,37.2709799,127.6374092,031-882-5982,2,09:00~18:00,5700000,경기도 여주시,2024-06-01
1급영진자동차공업사,경기도 여주시 용강길 50,37.28945669,127.648946,031-883-6258,2,09:00~18:00,5700000,경기도 여주시,2024-06-01
주식회사 선경모터스,경기도 여주시 가남읍 은봉길 47-1,37.18775465,127.5570727,031-883-9076,1,09:00~18:00,5700000,경기도 여주시,2024-06-01
바른자동차공업사,경기도 여주시 가남읍 여주남로 1270,37.19877826,127.5486351,031-884-0140,2,09:00~18:00,5700000,경기도 여주시,2024-06-01
원흥산업㈜,강원특별자치도 원주시 치악로 1517,37.3197450984,127.9656644435,033-761-2908,3,평일:08:30~16:30+토요일:08:30~10:30,4191000,강원특별자치도 원주시,2023-07-06
(자)신흥공업사,강원특별자치도 원주시 강변로 565,37.35441000,127.95206000,033-742-3533,3,평일:08:30~18:00+토요일:08:30~13:00,4191000,강원특별자치도 원주시,2023-07-06
선우자동차공업사,강원특별자치도 원주시 정지길 242,37.3559960844,127.9499859468,033-748-4777,1,평일:09:00~18:00+토요일:09:00~12:00,4191000,강원특별자치도 원주시,2023-07-06
㈜안전공업사,강원특별자치도 원주시 호저로 21,37.37903712,127.9419884055,033-744-9992,2,평일:08:30~17:30+토요일:08:30~13:00,4191000,강원특별자치도 원주시,2023-07-06
(합)순호자동차공업사,강원특별자치도 원주시 북원로 2807,37.39418316,127.9502697901,033-747-3300,1,평일:09:00~18:00+토요일:09:00~12:00,4191000,강원특별자치도 원주시,2023-07-06
016소형자동차공업사,강원특별자치도 원주시 흥양로 102번길 3,37.3831221608,127.9587313784,033-747-0016,3,평일:09:00~18:00+토요일:09:00~13:00,4191000,강원특별자치도 원주시,2023-07-06
한국지엠북포항서비스센터,경상북도 포항시 북구 소티재로 102,36.06063727,129.3539353,054-248-9951,,평일 08:30~18:00,5020000,경상북도 포항시,2024-06-17
신영신종합자동차정비,경상북도 포항시 북구 소티재로 112,36.06156068,129.3537143,054-255-8801,,평일 09:00~18:00+토요일 09:00~12:00,5020000,경상북도 포항시,2024-06-17
부강자동차정비,경상북도 포항시 북구 새천년대로1173번길 15-50,36.0728475,129.3719124,054-254-0011,,평일 09:00~17:30+토요일 09:00~11:30,5020000,경상북도 포항시,2024-06-17
하나종합정비,경상북도 포항시 남구 오천읍 장기로 1633,35.96339699,129.4215463,054-292-8700,,평일 09:00~18:00+토요일 09:00~13:00,5020000,경상북도 포항시,2024-06-17
터미널자동차정비,경상북도 포항시 남구 중흥로73번길 7,36.01226618,129.3482603,054-284-9701,,평일 09:00~18:00+토요일 09:00~13:00,5020000,경상북도 포항시,2024-06-17
북포항현대자동차서비스㈜,경상북도 포항시 북구 청하면 동해대로 2353,36.17957799,129.3402179,054-232-8204,,평일 08:30~17:30,5020000,경상북도 포항시,2024-06-17
아성자동차정비공장,경상북도 포항시 북구 흥해읍 새마을로394번길 28,36.04556307,129.3196715,054-262-5757,,평일 09:00~18:00+토요일 09:00~12:00,5020000,경상북도 포항시,2024-06-17
포항자동차정비,경상북도 포항시 북구 새마을로 124 (용흥동),36.04292493,129.3474568,054-272-4614,,평일 09:00~18:00+토요일 09:00~12:00,5020000,경상북도 포항시,2024-06-17
북포항서비스 기아오토큐,경상북도 포항시 북구 흥해읍 삼흥로502번길 40,36.10302439,129.3715925,054-253-3651,,평일 09:00~18:00+토요일 09:00~15:30,5020000,경상북도 포항시,2024-06-17
명성자동차검사정비,경상북도 포항시 남구 연일읍 형산강남로436번길 8 (연일읍),35.99999311,129.3603881,054-273-7722,,평일 09:00~18:00+토요일 09:00~12:00,5020000,경상북도 포항시,2024-06-17
광명종합정비(포항시),경상북도 포항시 남구 연일읍 철강로107번길 52,35.99376275,129.3561965,054-285-5242,,평일 09:00~18:00,5020000,경상북도 포항시,2024-06-17
두마자동차종합정비,경상북도 포항시 북구 삼흥로 171(장성동),36.07759694,129.379476,054-242-5900,,평일 08:30~18:00+토요일08:30~13:00,5020000,경상북도 포항시,2024-06-17
흥해종합정비,경상북도 포항시 북구 흥해읍 동해대로 1934,36.14425892,129.3496718,054-262-9008,,평일 09:00~17:30+토요일 09:00~12:00,5020000,경상북도 포항시,2024-06-17
구일자동차공업사,강원특별자치도 원주시 현충로 69,37.36173390,127.9537145412,033-732-4230,1,평일:08:30~18:00+토요일:08:30~12:00,4191000,강원특별자치도 원주시,2023-07-06
동원주서비스,강원특별자치도 원주시 치악로 2385,37.38761860,127.97811740,033-731-1391,1,평일:09:00~18:00,4191000,강원특별자치도 원주시,2023-07-06
동아자동차공업사,강원특별자치도 원주시 호저면 신무로 9,37.3568730750,127.9006987305,033-735-9864,1,평일:08:30~18:00+토요일:08:30~13:00,4191000,강원특별자치도 원주시,2023-07-06
대한자동차공업사,강원특별자치도 원주시 호저면 신무로 20,37.3579140957,127.90045440,033-744-8299,1,평일:09:00~18:00+토요일:09:00~13:00,4191000,강원특별자치도 원주시,2023-07-06
제일자동차공업사,강원특별자치도 원주시 문막읍 원문로 2144,37.29894368,127.7962684116,033-734-3882,2,평일:09:00~18:00+토요일:09:00~12:00,4191000,강원특별자치도 원주시,2023-07-06
서원주서비스기아오토큐,강원특별자치도 원주시 호저면 우무개로 393,37.3620733840,127.91550420,033-743-4545,3,평일:09:00~18:00+토요일:09:00~12:00,4191000,강원특별자치도 원주시,2023-07-06
왕성모터스,강원특별자치도 원주시 판부면 남원로 189,37.30879789,127.9274872827,033-763-7419,3,평일:08:30~18:00+토요일:09:00~13:00,4191000,강원특별자치도 원주시,2023-07-06
진성공업사,강원특별자치도 원주시 문막읍 원문로 2198,37.29653575,127.7932338155,033-731-4577,3,평일:09:00~18:00+토요일:09:00~13:00,4191000,강원특별자치도 원주시,2023-07-06
㈜현대서원주서비스,강원특별자치도 원주시 봉화로 145,37.3577627609,127.9279672820,033-733-9800,3,평일:08:30~17:00,4191000,강원특별자치도 원주시,2023-07-06
이레카마스타,강원특별자치도 원주시 원문로 502,37.36098602,127.9061313563,033-761-2555,2,평일:08:00~18:00,4191000,강원특별자치도 원주시,2023-07-06
원주현대서비스,강원특별자치도 원주시 동부순환로 338-6,37.3449604602,127.97742030,033-731-4989,3,평일:08:30~17:30+토요일:09:00~12:30,4191000,강원특별자치도 원주시,2023-07-06
매직카자동차검사소,강원특별자치도 원주시 영랑길 140,37.3379307389,127.9846630566,033-765-0284,3,평일:08:30~18:00+토요일:08:30~13:00,4191000,강원특별자치도 원주시,2023-07-06
강릉정비㈜,강원특별자치도 강릉시 강변로534번길 37,37.76533494,128.9212752,033-652-7061,2,평일:09:00~17:00+토요일:09:00~12:00,4201000,강원특별자치도 강릉시,2024-08-21
강원대우자동차㈜정비공장,강원특별자치도 강릉시 강변로534번길 11,37.76467792,128.9197262,033-653-3516,1,평일:08:30~17:00+토요일:09:00~12:00,4201000,강원특별자치도 강릉시,2024-08-21
남경공업사,강원특별자치도 강릉시 강변로 682,37.76920354,128.934277,033-652-0005,2,평일:08:30~17:30+토요일:08:30~13:00,4201000,강원특별자치도 강릉시,2024-08-21
대성자동차공업사(강릉),강원특별자치도 강릉시 주문진읍 금용길 3,37.8771252,128.8221652,033-661-5454,1,평일:08:30~17:30+토요일:09:00~12:00,4201000,강원특별자치도 강릉시,2024-08-21
명주공업사,강원특별자치도 강릉시 주문진읍 장성로 57,37.88795031,128.826865,033-661-4007,1,평일:09:00~17:00,4201000,강원특별자치도 강릉시,2024-08-21
북강릉서비스기아오토큐㈜,강원특별자치도 강릉시 율곡로 3081,37.77614132,128.8865402,033-647-7233,2,평일:08:30~17:30,4201000,강원특별자치도 강릉시,2024-08-21
진영공업사,강원특별자치도 강릉시 강변로534번안길 12,37.76526508,128.9206869,033-653-1503,1,평일:09:00~17:30+토요일:09:00~12:00,4201000,강원특별자치도 강릉시,2024-08-21
아주공업사,인천광역시 계양구 아나지로 111,37.525767,126.704084,032-504-7888,8,09:00~18:00,3550000,인천광역시 계양구,2024-11-18
경상자동차정비,경상남도 진주시 큰들로 58,35.170627,128.109216,055-758-0018,1,평일08:30~18:00,5310000,경상남도 진주시,2024-11-11
대영기공사,경상남도 진주시 큰들로 34,35.17069766,128.106812,055-757-0909,1,평일09:00~17:30+토요일09:00~15:30,5310000,경상남도 진주시,2024-11-11
도동종합자동차정비공업사,경상남도 진주시 돗골로 13,35.169065,128.112068,055-753-1004,1,평일09:00~17:30+토요일09:00~12:00,5310000,경상남도 진주시,2024-11-11
동방자동차정비공업사,경상남도 진주시 돗골로58번길 7,35.17337256,128.1134139,055-757-2626,1,평일09:00 ~ 18:00,5310000,경상남도 진주시,2024-11-11
안전종합정비(주),경상남도 진주시 공단로 174,35.175306,128.118653,055-752-6029,1,평일08:30~17:30,5310000,경상남도 진주시,2024-11-11
유신정비공업사,경상남도 진주시 큰들로 23,35.171099,128.105309,055-753-8881,1,평일09:00 ~ 18:00,5310000,경상남도 진주시,2024-11-11
춘천자동차검사소,강원특별자치도 춘천시 동내로10 (석사동),37.84976428,127.7544064,033-262-2255,,(평일)09:00~18:00+(토요일)09:00~13:00,B553881,한국교통안전공단,2024-01-26
충주자동차검사소,충청북도 충주시 목행산단6로29 (금릉동),37.00068991,127.9190498,043-853-5050,,(평일)09:00~18:00+(토요일)09:00~13:00,B553881,한국교통안전공단,2024-01-26
태백자동차검사소,강원특별자치도 태백시 태백로576 (화전동),37.1869235,128.9616777,033-553-8191,,(평일)09:00~18:00+(토요일)09:00~13:00,B553881,한국교통안전공단,2024-01-26
포항자동차검사소,경상북도 포항시 남구 섬안로45번길 34 (괴동동),35.99552941,129.3652649,054-285-2134,,(평일)09:00~18:00+(토요일)09:00~13:00,B553881,한국교통안전공단,2024-01-26
해운대자동차검사소,부산광역시 해운대구 센텀동로201 (재송동),35.1840271,129.1197484,051-781-7570,,(평일)09:00~18:00+(토요일)09:00~13:00,B553881,한국교통안전공단,2024-01-26
홍성자동차검사소,충청남도 홍성군 홍성읍 충서로1207,36.58389087,126.6549167,041-632-5837,,(평일)09:00~18:00+(토요일)09:00~13:00,B553881,한국교통안전공단,2024-01-26
양평자동차공업사,경기도 양평군 양평읍 경강로 1744,37.50159181,127.4743583,031-772-2301,,평일(09:00~18:00),4170000,경기도 양평군,2023-12-31
(주)양서이레종합서비스기아오토큐,경기도 양평군 양서면 두물머리길20번길 7,37.54238327,127.3185797,031-772-9995,,평일(09:00~18:00),4170000,경기도 양평군,2023-12-31
양평현대자동차정비(주),경기도 양평군 양평읍 양근로 21,37.50116192,127.4776306,031-775-7720,,평일(09:00~18:00),4170000,경기도 양평군,2023-12-31
양평기아자동차서비스,경기도 양평군 양평읍 중앙로111번길 30,37.4958292,127.5030649,031-775-8111,,평일(09:00~18:00),4170000,경기도 양평군,2023-12-31
파주자동차정비검사소,경기도 파주시 천정구로 163-15,37.74837564,126.7497368,031-949-3115,3,평일:09:00~18:00+토요일:09:00~13:00,4060000,경기도 파주시,2024-05-14
㈜운정1급자동차정비검사소,경기도 파주시 교하로 469,37.70428305,126.726706,031-942-8026,3,평일:09:00~18:00+토요일:09:00~13:00,4060000,경기도 파주시,2024-05-14
㈜코리아모터스,경기도 파주시 금물다리길 281,37.77200944,126.7330599,031-941-0093,3,평일:09:00~18:00+토요일:09:00~13:00,4060000,경기도 파주시,2024-05-14
통일로카독크,경기도 파주시 월롱면 통일로644번길 2-13,37.7672119410,126.7946291219,031-940-4060,7,평일:09:00~18:00+토요일:09:00~13:00,4060000,경기도 파주시,2024-05-14
중부산서비스 기아오토큐,부산광역시 부산진구 가야대로561,35.15497916,129.0332431,051-892-1544,14,"평일 08:30~18:00, 토요일 08:30~13:00",3290000,부산광역시 부산진구,2024-07-22
화양자동차공업사,경기도 평택시 경기대로 1050(장당동),37.042086,127.065513,031-667-0151,,09:00 ~ 18:00,3910000,경기도 평택시,2024-07-30
(주)포승자동차,경기도 평택시 포승읍 거산길 10,36.990056,126.858435,031-681-9777,,09:00 ~ 18:00,3910000,경기도 평택시,2024-07-30
(주)쌍용자동차송탄정비센터,경기도 평택시 칠괴길 90-11(칠괴동),37.024673,127.079878,031-651-6418,,09:00 ~ 18:00,3910000,경기도 평택시,2024-07-30
거산자동차정비센타,경기도 평택시 안중읍 덕우로 64,36.996682,126.928723,031-683-4999,,09:00 ~ 18:00,3910000,경기도 평택시,2024-07-30
비전1급자동차서비스,경기도 평택시 이화로 134-1(죽백동),37.006468,127.135699,031-653-6464,,09:00 ~ 18:00,3910000,경기도 평택시,2024-07-30
홍성자동차 종합검사소 정원,충청남도 홍성군 금마면 금마로 71,36.61184663,126.7131158,041-634-6266,2,평일:09~18:00+토요일:09:00~13:00,4600000,충청남도 홍성군,2024-08-26
현대공업사,충청남도 홍성군 광천읍 광천로 185,36.49276307,126.6186512,041-642-2211,2,평일:09~18:00+토요일:09:00~13:00,4600000,충청남도 홍성군,2024-08-26
내포현대서비스㈜,충청남도 홍성군 홍북읍 홍북로453번길 50,36.65123434,126.6900237,041-630-6800,2,평일:09~18:00+토요일:09:00~13:00,4600000,충청남도 홍성군,2024-08-26
영주자동차검사소,경상북도 영주시 구성로88번길 52 (휴천동),36.803408,128.6330261,054-636-0279,,(평일)09:00~18:00+(토요일)09:00~13:00,B553881,한국교통안전공단,2024-01-26
용인자동차검사소,경기도 용인시 기흥구 중부대로853 (상하동),37.25286598,127.1458856,031-281-3709,,(평일)09:00~18:00+(토요일)09:00~13:00,B553881,한국교통안전공단,2024-01-26
울산자동차검사소,울산광역시 남구 장생포로8 (여천동),35.51926466,129.3440447,052-269-8598,,(평일)09:00~18:00+(토요일)09:00~13:00,B553881,한국교통안전공단,2024-01-26
원주자동차검사소,강원특별자치도 원주시 행구로255 (행구동),37.34348736,127.9843491,033-747-1110,,(평일)09:00~18:00+(토요일)09:00~13:00,B553881,한국교통안전공단,2024-01-26
의정부자동차검사소,경기도 의정부시 평화로287 (호원동),37.71790484,127.0467043,031-871-5000,,(평일)09:00~18:00+(토요일)09:00~13:00,B553881,한국교통안전공단,2024-01-26
이현자동차검사소,대구광역시 서구 문화로27 (이현동),35.8749419,128.5357905,053-565-5000,,(평일)09:00~18:00+(토요일)09:00~13:00,B553881,한국교통안전공단,2024-01-26
익산자동차검사소,전북특별자치도 익산시 석암로13길 101-7 (팔봉동),35.9547307,127.0049552,063-832-0404,,(평일)09:00~18:00+(토요일)09:00~13:00,B553881,한국교통안전공단,2024-01-26
인천자동차검사소,인천광역시 미추홀구 아암대로253길 81 (학익동),37.44118408,126.6376729,032-831-0196,,(평일)09:00~18:00+(토요일)09:00~13:00,B553881,한국교통안전공단,2024-01-26
전주자동차검사소,전북특별자치도 전주시 덕진구 팔복동3가 신행로 44 (팔복동3가),35.84901414,127.0928187,063-211-9936,,(평일)09:00~18:00+(토요일)09:00~13:00,B553881,한국교통안전공단,2024-01-26
정읍자동차검사소,전북특별자치도 정읍시 해평복룡길 11 (공평동),35.58358885,126.831227,063-535-6009,,(평일)09:00~18:00+(토요일)09:00~13:00,B553881,한국교통안전공단,2024-01-26
제주자동차검사소,제주특별자치도 제주시 삼봉로79 (도련이동),33.5143462,126.5894928,064-723-3114,,(평일)09:00~18:00+(토요일)09:00~13:00,B553881,한국교통안전공단,2024-01-26
주례자동차검사소,부산광역시 사상구 학장로256 (주례동),35.14567213,128.9946989,051-324-1431,,(평일)09:00~18:00+(토요일)09:00~13:00,B553881,한국교통안전공단,2024-01-26
진주자동차검사소,경상남도 진주시 솔밭로43번길 15 (상평동),35.1727322,128.1055381,055-752-0814,,(평일)09:00~18:00+(토요일)09:00~13:00,B553881,한국교통안전공단,2024-01-26
창원자동차검사소,경상남도 창원시 의창구 창원대로494 (대원동),35.22906134,128.648797,055-273-5000,,(평일)09:00~18:00+(토요일)09:00~13:00,B553881,한국교통안전공단,2024-01-26
천안자동차검사소,충청남도 천안시 서북구 음봉로 909-15 (백석동),36.82568276,127.1063325,041-552-6905,,(평일)09:00~18:00+(토요일)09:00~13:00,B553881,한국교통안전공단,2024-01-26
청주자동차검사소,충청북도 청주시 흥덕구 사운로386번길 21 (신봉동),36.66122773,127.466392,043-272-1889,,(평일)09:00~18:00+(토요일)09:00~13:00,B553881,한국교통안전공단,2024-01-26
㈜에코자동차종합정비,부산광역시 해운대구 수영강변대로 278,35.18389948,129.1189968,051-783-4972,,평일: 09:00~18:00+토요일: 09:00~13:00,3330000,부산광역시 해운대구,2024-11-15
전곡현대서비스,경기도 연천군 전곡읍 전곡로6번길 2,38.01439446,127.0706173,031-832-1511,,평일:09:00~18:00+토요일:09:00~13:00,4140000,경기도 연천군,2024-11-14
한탄강자동차정비공업사,경기도 연천군 전곡읍 양연로 1582,38.02032032,127.0661035,031-833-0057,,평일:09:00~18:00+토요일:09:00~13:00,4140000,경기도 연천군,2024-11-14
차탄현대카독크,경기도 연천군 연천읍 연천로 160,38.0909805,127.0737172,031-834-5555,,평일:09:00~18:00+토요일:09:00~13:00,4140000,경기도 연천군,2024-11-14
전곡카독크,경기도 연천군 전곡읍 전곡로 68,38.01952558,127.0738689,031-832-9970,,평일:09:00~18:00+토요일:09:00~13:00,4140000,경기도 연천군,2024-11-14
그린1급자동차공업사,경기도 연천군 전곡읍 평화로940번길 4,38.05229026,127.0682569,031-835-7870,,평일:09:00~18:00+토요일:09:00~13:00,4140000,경기도 연천군,2024-11-14
믿음1급자동차정비센타,경기도 연천군 군남면 군남로 101,38.05812022,127.0204773,031-833-5123,,평일:09:00~18:00+토요일:09:00~13:00,4140000,경기도 연천군,2024-11-14
㈜아진모터스,인천광역시 계양구 아나지로 434,37.525261,126.740393,032-546-2100,19,09:00~18:00,3550000,인천광역시 계양구,2024-11-18
㈜1급 성우자동차 검사소,인천광역시 계양구 아나지로 437번길 1,37.525744,126.740654,032-555-0065,11,09:00~18:00,3550000,인천광역시 계양구,2024-11-18
명성공업사,강원도 인제군 인제읍 인제로 43,38.05811829,128.1629265,033-461-4500,,평일:09:00~18:00+토요일:09:00~13:00,4331000,강원특별자치도 인제군,2023-06-05
대일공업사,강원도 인제군 인제읍 설악로 2342,38.0842486,128.1829333,033-462-2242,,평일:09:00~18:00+토요일:09:00~13:00,4331000,강원특별자치도 인제군,2023-06-05
인제동신공업사,강원도 인제군 인제읍 인제로 49,38.05886015,128.1636835,033-461-9701,,평일:09:00~18:00+토요일:09:00~13:00,4331000,강원특별자치도 인제군,2023-06-05
인제대성공업사,강원도 인제군 인제읍 비봉로15번길 5,38.06817264,128.1732096,033-461-7800,,평일:09:00~18:00+토요일:09:00~13:00,4331000,강원특별자치도 인제군,2023-06-05
(주)현대원통1급자동차공업사,강원도 인제군 북면 원통로 389-6,38.13252347,128.224223,033-462-1473,,평일:09:00~18:00+토요일:09:00~13:00,4331000,강원특별자치도 인제군,2023-06-05
대양공업사,강원도 철원군 갈말읍 아랫삼성길 3,38.16365277,127.3154216,033-452-2630,3,평일 9-18시,4301000,강원특별자치도 철원군,2022-11-22
상진공업사,강원도 철원군 동송읍 이평로 9,38.21048035,127.2228754,033-455-7777,2,평일 9-18시,4301000,강원특별자치도 철원군,2022-11-22
흥화자동차공업사,제주특별자치도 서귀포시 토평공단로 151(토평동),33.29444969,126.5809834,064-762-4531,,(평일)08:30~17:30,6520000,제주특별자치도 서귀포시,2023-10-31
천지자동차공업사,제주특별자치도 서귀포시 토평공단로139번길 6(토평동),33.29354767,126.5815068,064-732-0070,,(평일)08:30~17:30,6520000,제주특별자치도 서귀포시,2023-10-31
㈜삼원자동차공업사,제주특별자치도 서귀포시 대정읍 상모대서로 68,33.22827529,126.2606406,064-794-0500,,(평일)08:30~16:30,6520000,제주특별자치도 서귀포시,2023-10-31
우성자동차공업사,제주특별자치도 서귀포시 토평공단로 145(토평동),33.2938727,126.5813184,064-733-5086,,(평일)08:30~17:00,6520000,제주특별자치도 서귀포시,2023-10-31
㈜산방자동차공업사,제주특별자치도 서귀포시 안덕면 서광남로 50,33.27844104,126.3036359,064-794-1161,,(평일)09:00~17:00,6520000,제주특별자치도 서귀포시,2023-10-31
표선자동차정비공업사,제주특별자치도 서귀포시 표선면 표선백사로28번길 8,33.3188573,126.831095,064-787-2327,,(평일)08:30~17:30,6520000,제주특별자치도 서귀포시,2023-10-31
전남자동차공업사,전라남도 완도군 군외면 원동1길 12,34.38624609,126.6463471,061-554-8088,,평일08:30~18:00,4990000,전라남도 완도군,2024-08-14
대성자동차공업사,전라남도 완도군 노화읍 노화서로 93,34.1900184649,126.5710879053,061-552-3244,,평일08:30~18:00,4990000,전라남도 완도군,2024-08-14
문영공업사,전라남도 완도군 완도읍 농공단지1길 44,34.3337571383,126.7337768,061-554-8088,,평일08:30~18:00,4990000,전라남도 완도군,2024-08-14
완도자동차정비공업사,전라남도 완도군 완도읍 장보고대로11,34.33018145,126.7346912415,061-554-6700,,평일08:30~18:00,4990000,전라남도 완도군,2024-08-14
거남자동차정비공업사,전라남도 완도군 완도읍 청해진로1566,34.34346375,126.7289076,061-554-4111,,평일08:30~18:00,4990000,전라남도 완도군,2024-08-14
대광자동차공업사,전라남도 영광군 영광읍 단신길1길 22,35.2808118,126.4966694,061-351-2284,1,09:00~18:00,4970000,전라남도 영광군,2024-11-19
옥당종합자동차정비공장,전라남도 영광군 영광읍 영대로 259,35.28735476,126.5132368,061-351-4442,1,09:00~18:00,4970000,전라남도 영광군,2024-11-19
영광자동차정비공업사,전라남도 영광군 영광읍 영대로 263,35.28735377,126.5138875,061-350-0990,1,09:00~18:00,4970000,전라남도 영광군,2024-11-19
광신종합자동차공업사,전라남도 영광군 영광읍 백수로 1650-24,35.28169278,126.4866788,061-351-0982,1,09:00~18:00,4970000,전라남도 영광군,2024-11-19
대신자동차공업사,전라남도 영광군 영광읍 백수로 1650-16,35.28132885,126.4858765,061-351-0808,1,09:00~18:00,4970000,전라남도 영광군,2024-11-19
1급 서울자동차공업사,전라남도 영광군 영광읍 천년로 1348,35.26659144,126.4947088,061-353-8400,1,09:00~18:00,4970000,전라남도 영광군,2024-11-19
동부산종합서비스기아오토큐,부산광역시 해운대구 해운대로 1083,35.18225698,129.199556,051-702-5600,,평일: 08:30~17:30+토요일: 08:30~15:00,3330000,부산광역시 해운대구,2024-11-15
㈜현대정비공업,부산광역시 해운대구 선수촌로 134,35.20510328,129.1215421,051-529-0020,,평일: 08:30~17:30+토요일: 08:30~12:00,3330000,부산광역시 해운대구,2024-11-15
금사정비공업사,부산광역시 해운대구 선수촌로 125,35.20494676,129.1205238,051-525-0010,,평일: 08:30~17:00+토요일: 08:30~14:30,3330000,부산광역시 해운대구,2024-11-15
(주)옥천현대상용서비스,충청북도 옥천군 옥천읍 옥천동이로 100-8,36.3015139,127.5859405,043-732-2200,3,(평일) 09:00~18:00,4430000,충청북도 옥천군,2024-07-30
금성공업사,충청북도 옥천군 옥천읍 대천길11,36.29193316,127.5670607,043-732-4444,3,(평일) 09:00~18:00,4430000,충청북도 옥천군,2024-07-30
(주)옥천현대서비스,충청북도 옥천군 옥천읍 마장로 67,36.29320278,127.5754639,043-731-8256,3,(평일) 09:00~18:00,4430000,충청북도 옥천군,2024-07-30
진성자동차공업사,충청북도 옥천군 옥천읍 문장로 132,36.29378663,127.5768148,043-733-9567,5,(평일) 09:00~18:00,4430000,충청북도 옥천군,2024-07-30
성우이노웍스,충청북도 옥천군 옥천읍 중앙로 137,36.3093958,127.5712566,043-938-9990,4,(평일) 09:00~18:00,4430000,충청북도 옥천군,2024-07-30
구례1급자동차정비공업사,전라남도 구례군 구례읍 용방로 9,35.21732334,127.4624660566,061-782-7171,1,09:00~18:00,4870000,전라남도 구례군,2024-08-12
1급중앙자동차공업사,전라남도 구례군 구례읍 봉동길 35,35.2100159840,127.4713985065,061-783-2255,1,09:00~18:00,4870000,전라남도 구례군,2024-08-12
노원자동차검사소,서울특별시 노원구 공릉로62길 41,37.63747448,127.071637,02-972-4121,,09:00 ~18:00,3100000,서울특별시 노원구,2024-08-12
신영자동차공업사,서울특별시 노원구 광운로 149,37.62830886,127.0564969,02-902-4600,,09:00 ~18:00,3100000,서울특별시 노원구,2024-08-12
서울공업사,강원특별자치도 태백시 황지로 104,37.16809024,128.9920094,033-552-2627,2,(평일)09:00~18:00,4221000,강원특별자치도 태백시,2024-08-14
형제공업사,강원특별자치도 태백시 외솔배기길 64,37.17917939,128.9749736,033-552-8250,1,(평일)09:00~18:00,4221000,강원특별자치도 태백시,2024-08-14